"id","DEATHS","RLM","GBM","RF","SVM"
1,0,-0.177917024379174,2.73227788734589,-2.60667677918848e-14,3.5994713687881
3,79,81.1509636317689,79.7594551564094,79.1686666666666,78.1642977495191
4,30,26.9812701202644,42.145824888067,33.9419523809524,24.5329075871909
5,152,167.487636104166,156.649684708228,161.042095238095,161.043386521105
6,40,33.8749394208574,30.4196448448278,37.2585238095238,33.5866869014554
8,83,75.4536355370734,76.4662228850859,80.7908571428571,77.3709725609845
9,82,95.2156901867276,99.1287974961988,87.3981904761905,92.8568191693829
10,39,31.7794704765469,40.0039728258264,38.1111428571429,33.2883973029572
12,0,0.957093712729713,2.73227788734589,0.00857142857140285,3.06116771085398
13,43,61.582243645693,58.1804096723836,53.0566666666667,62.9439105360801
14,51,45.3859103982199,49.09869106514,48.0920476190476,48.3655691844146
15,99,99.4936136524821,110.859969971651,99.9072857142857,99.7056500852257
16,87,83.7134937657234,77.8386887256212,82.4825714285715,82.9529333316958
17,176,142.618772266973,150.255917529899,151.180904761905,141.3975602512
18,120,140.294381489601,135.712788903344,131.825142857143,141.908581281047
22,80,77.1916875618384,83.3697678790412,82.6668095238095,77.4642159233212
23,90,118.844982934819,98.612376518518,94.7878095238095,118.412125032911
24,89,119.771398478018,124.357048841421,106.424285714286,120.469917971749
26,109,100.661208968051,104.363583581445,110.638095238095,101.576329966109
27,0,2.70096251772747,3.17071566404195,-2.58231531396242e-14,5.49315202756824
28,22,17.3427216650942,20.7268601769391,20.9931428571429,16.5934124601621
30,55,57.5786688843467,56.9904175008632,56.4014761904762,57.2931565568297
31,61,52.6585941526866,59.1492108815567,62.7000476190476,52.5464009809034
32,89,97.6814116243539,94.5090054171196,94.3797142857142,93.5041924912952
33,77,59.7257790526843,66.948588451095,70.1269047619047,58.551824306838
35,50,52.2105816801931,48.322931171317,49.5471904761905,50.9805088637911
36,86,87.3370357677511,97.8481811446494,89.9117619047619,85.1185681994872
37,125,135.405651976617,127.071370473413,123.71880952381,123.219810588739
38,77,57.8182953709901,65.204353737874,71.5323333333333,61.6308484298118
43,143,150.884877934505,148.734187248383,156.690285714286,151.455656113153
44,29,25.8870593755831,24.2871269350578,28.8300952380953,23.6479535397321
49,127,117.801414963627,119.847986101444,125.178047619048,119.072469742957
50,30,29.0151525654064,23.9288123854322,26.7299523809524,25.5914764784783
51,151,137.36296783885,137.057148738169,140.739857142857,129.265910514138
53,63,65.145182983584,67.2762967848651,61.937,65.4093569975391
54,12,12.3557641832669,10.7391913524666,12.0125714285714,10.7020861654908
55,0,1.24572434216927,2.22227013329598,-2.61885751180151e-14,2.13819007821798
56,40,42.2584446815953,47.9756510322893,44.5903333333333,45.4714782946352
57,59,62.0766665370507,65.2555809880156,64.4136666666667,64.4943749813061
58,6,4.50604867917769,13.6377002639324,8.25738095238095,7.8927107938111
59,12,33.954008197372,15.5415527948932,16.7660952380952,24.1120144156433
60,190,177.82077497607,183.190520485045,184.617238095238,178.069552623957
61,0,0.610256224853235,2.27582077263834,0.00428571428568964,0.224969794711924
63,125,95.0225255875917,100.797542922579,114.10680952381,94.3861335375847
65,37,32.8698936080933,40.3797617485666,37.4468095238095,34.6325195793112
66,123,135.024444219317,126.363409121644,142.008095238095,137.394510279388
67,60,79.9382472096543,76.3741105770336,69.1718571428572,82.4499295669944
68,23,26.3969671280307,26.7446288311437,25.1419523809524,27.3984715487532
69,0,1.64157207440713,2.73227788734589,-2.59043580237111e-14,4.86994346663031
70,42,52.0334856144097,42.1507978701758,42.3577142857143,53.4816605865458
72,44,66.063521170863,61.7490353452269,54.6328571428572,69.7599902414034
73,0,36.8308606060469,4.03092499391004,0.441142857142843,8.35904457669292
74,104,69.1265266302145,76.8370971504333,91.9196666666667,69.9210468711614
75,18,18.7082926578966,14.5597967166825,17.7466666666667,18.2123632356891
77,179,160.8576599125,162.573493026408,171.078857142857,152.383931605823
78,86,63.9903521609241,60.9077134073556,74.5902857142858,63.1478434250204
79,51,49.4813218245544,57.1124901466053,53.3175238095238,47.9768905904685
80,65,74.4026098620426,91.5764049154187,76.4120476190476,74.6394893664026
81,10,12.9940937315483,9.67788207478176,11.9059047619048,18.2833470432209
82,100,107.887571140367,116.084819868263,107.750333333333,112.738940080731
83,230,228.882778612544,226.048158141662,219.461666666667,225.108991443992
84,73,94.5539197607063,104.915678783639,89.1719523809524,98.1025881803599
85,25,23.2622437230732,26.4470228063254,26.188,22.2638542804183
86,104,89.6558984971271,88.3923889946199,91.6879047619048,84.2769721177733
87,110,109.139599725133,104.473680515549,108.867333333333,106.298384795847
88,26,23.4038268437692,24.7551879061567,26.9487142857143,24.251861196466
91,62,53.5345192235226,50.366862617029,57.6484761904762,52.8082404268698
92,68,68.7317282232607,68.9657278655757,69.4032380952381,70.8939479794496
93,10,15.4476315694104,9.1971474688771,10.9905238095238,13.0644239488928
94,39,73.6971911952652,67.8413424795342,51.1756666666667,74.0918593051437
95,78,72.5912687917772,80.5237104655486,86.3703333333333,75.4302899539172
96,34,35.1483280603629,31.5752496101187,33.5623333333333,33.5585794466242
97,52,59.734003330694,62.7068765112663,56.9762380952381,60.7502099699403
99,76,60.7895433777414,65.3002977517907,71.13,63.5520110419764
100,50,54.8408223456914,59.584637759212,59.9697619047619,54.378515880323
103,181,184.998645335882,184.017666837179,178.948047619048,182.760622440417
104,0,1.93146864882883,2.26754662239916,-2.53765262771464e-14,1.43889889259657
105,13,15.3314440165197,7.82840206754156,12.8201904761905,14.4935981985186
106,208,214.368556560053,209.932916359408,204.226142857143,220.725905415266
107,52,57.2762832846584,60.2419012428824,55.0881904761905,56.57965603815
108,41,33.4051980324195,53.882092503809,37.0624285714286,33.8639895393435
110,66,73.8945184745705,68.3012965358778,65.7866666666667,74.4343533369184
111,121,148.138032292463,137.677276327913,127.328666666667,149.323569599995
112,109,99.4370172336483,97.0002505988047,104.316619047619,102.055962985982
114,16,18.825068815521,13.1556034283415,16.0405238095238,17.3355555665011
115,10,13.959437573992,15.0875195526758,12.0924761904762,13.3301775007986
116,3,9.13100517132392,5.79441930001349,4.96528571428572,8.65009607242101
118,48,39.2807246586017,49.9867448713235,49.0017142857143,42.2968113240483
121,36,29.0190596651399,26.6501863910695,35.6298095238095,27.546633964737
123,157,155.199320208483,160.731034463626,159.197761904762,158.065368755266
124,34,28.4252788184146,33.6175129401259,33.8207142857143,26.7084647687711
125,55,56.4994272335839,50.1464751516331,54.6973333333333,58.4041929600046
127,14,12.4076663322199,14.1303482342093,14.288,11.8985270864359
128,83,88.3466396008335,88.2329835810068,85.2279523809524,88.5039267033602
129,110,122.40878852187,101.06160554499,107.960904761905,123.611946621906
130,91,104.766100796105,103.46755127945,96.1497619047619,105.168823914265
133,47,53.2483695777984,51.4080545924286,45.9584285714286,53.4035266548128
134,15,28.3871132525286,26.3649358567644,21.1386666666667,29.3697630462619
135,168,130.786360461185,138.096024851291,143.876619047619,133.610930306208
136,13,13.4127856606868,17.8655893592874,14.5321904761905,11.4475147680457
137,62,46.7283564681745,55.210037139142,62.8122857142857,48.6117314458164
139,24,21.108154187205,19.9313911058331,22.7721428571428,20.5633405320364
141,73,91.6059382573847,96.088339380765,84.017,91.8254538506727
142,122,111.590826670626,102.001219151031,115.434761904762,111.524322855289
143,27,32.4283074248382,39.6384605961502,32.1249523809524,33.4654271598648
144,54,53.7019196741584,39.9074593070186,48.9472380952381,50.8095399692309
145,242,188.250555275995,205.705965144944,206.890761904762,183.624489515344
146,74,54.2207766032361,64.3874186917374,67.3506190476191,54.0868116936783
147,64,58.1703027250188,55.0869961590343,60.1837142857143,56.7897558770927
150,33,29.5121246265972,42.1448312826164,35.8625238095238,30.8700142873296
152,113,85.7773917339734,93.3725218658134,104.998952380952,83.052724278786
156,34,27.3027406606356,32.0085253092728,33.6761428571428,26.7978653456275
158,132,128.275807535094,122.605571483196,126.854285714286,126.515687272313
159,241,224.097414402059,221.321007506272,218.318285714286,221.397279635002
160,56,65.1069637104645,72.8263203983961,65.587,69.2245020611508
161,31,29.7850220400883,35.425224562881,31.9904285714286,31.1487047120401
162,30,45.9457477337592,45.0514676389304,37.6368571428572,47.0477205347074
163,77,88.0793615390684,83.2943836535686,84.3148095238095,90.1234900696115
164,27,10.0674758959264,17.1147786256216,18.1574761904762,9.33389182120447
166,31,30.2586446862328,38.4583267433323,33.6231428571429,28.3956500881165
168,31,35.7509819879508,31.569189294717,31.3615238095238,36.460654406885
169,39,46.7561360663325,45.2381471578402,41.7645714285714,47.0519300514007
170,11,10.3792382916833,8.72518598405417,12.4652380952381,9.8639920351722
171,96,78.4683821723991,83.0242424838714,94.1604761904762,76.0544823524982
172,252,263.134201790706,259.119885128455,262.407666666667,256.898300469651
174,85,96.361306661593,99.3291900253415,89.9644761904762,98.4607020976033
176,25,29.2024041578126,37.9705688044428,30.7860952380953,32.1921453442273
177,22,29.7859708812669,32.5521856877049,24.5670476190476,27.0771998495123
178,79,72.0667762691783,74.1549732735012,74.4581428571429,72.3464756193365
179,56,54.4791521671335,55.4501210313966,54.383,55.7787051209176
180,132,118.64232563778,136.359924807991,129.264666666667,117.248170216104
181,4,6.04859677993826,9.28559371472914,5.78671428571429,6.7153880558902
182,178,173.847588622108,166.553563754676,167.371904761905,170.402204518008
183,15,19.2325072463781,17.3226743725325,18.6909047619048,20.9134514856455
185,76,56.0697541425259,50.8712044081165,62.8427619047619,53.2263343053382
186,49,30.8743104140637,37.658387544799,43.8194285714286,30.9288599732184
187,74,82.9727687427327,85.9415536658243,82.2078095238095,81.359149681078
188,28,45.4823697058587,40.0566582748048,31.2434761904762,44.993364663229
189,30,25.288548376617,23.9669481680135,27.7985714285714,27.1255832978572
191,127,105.547338587896,110.560666638684,119.736619047619,104.85748288054
192,28,24.161590489952,18.9254599318549,24.4024761904762,24.9930060816165
193,13,12.6562839924245,20.1360535932476,17.8314761904762,18.5167675019005
194,63,60.8043948408751,68.6067765932267,66.1648571428571,61.1252107493899
195,22,21.0499365153727,23.8648088891111,23.828380952381,22.0579655007647
196,22,22.1581664867793,19.7900052115214,19.183380952381,21.7896815851422
197,22,18.619064657792,30.5920384099838,23.6295238095238,19.3339928105336
198,146,170.15408438771,145.567660299516,158.840476190476,168.323481985271
199,120,134.73281839718,123.457425915508,120.99580952381,130.045341160959
200,109,114.791325104755,103.546426157417,105.922,114.483235021184
201,48,32.026205636409,35.6101349966095,41.4929523809524,31.8923664610906
202,104,90.0157309881597,103.030796742093,103.193095238095,92.6557122929899
203,128,91.0055007586002,90.9461646943819,111.475380952381,86.213258677186
204,20,22.4359462227279,23.4532185424652,23.0575714285714,23.6343092691086
205,63,73.8007992769032,68.6000508266184,64.1170952380952,74.4580535653339
206,135,136.371891204189,132.973620689382,132.757190476191,136.734263073688
207,0,2.17779427712655,3.7446085417138,-2.60667677918848e-14,5.50482891483282
208,31,29.307597560953,41.7785968616414,33.801619047619,30.0510422048194
209,14,15.6477939177615,10.7521460941855,13.812380952381,15.9649150102193
210,16,17.9325657737091,21.6613473470183,15.9836666666667,18.9869616475211
211,73,54.5767340789634,62.6423444292615,67.4638571428572,55.9730117174303
212,37,49.2158505281009,52.635505978304,46.0214285714286,50.6741510550942
214,106,116.252401948775,112.977542224314,105.011333333333,111.486175388002
215,281,256.205735632586,270.144577351832,269.438571428571,248.404452272731
217,40,39.4142514638879,40.188004599193,41.0523333333334,40.6367661210259
219,99,61.9969849017161,77.9561784473832,87.7585714285715,58.6334809857974
221,18,15.0637761629136,25.2763331509122,21.9307142857143,21.5064794300375
223,16,17.8693073616411,16.144616478732,16.2419047619048,16.8141545506136
224,45,53.6571011217013,55.9373182603384,54.0295238095238,57.3452480639614
225,87,96.7695972828424,93.3401291993656,88.3786190476191,93.9998404321185
226,40,31.1325922853283,29.9960233167612,36.3067142857143,31.0100655798449
227,38,39.9508087187716,37.7988467185724,39.0932380952381,38.4200748492409
228,30,29.4972732899885,28.6817949994735,31.0104285714286,30.0183683945054
229,135,139.735839972319,149.057398093771,145.792857142857,142.379988720648
230,80,65.6963748551259,67.7398361778094,72.9907619047619,65.0277802352637
231,33,29.2598889348951,31.3133384033299,32.3435238095238,28.5649260928607
234,78,79.3838383121602,76.2820598379675,82.9137619047619,83.5188949092409
235,53,51.1083415546067,47.4287823688538,51.0482380952381,49.9056572138551
236,128,143.58053781174,116.182264297969,132.126714285714,143.317118540621
238,25,39.6484372799057,32.2014176861872,27.4682380952381,38.3240820398777
239,56,45.8309548090405,39.9245826437791,44.9536666666667,44.4537637263265
241,19,18.1123205845389,16.8875801989212,18.390619047619,17.8113214338569
242,108,143.274349575151,125.533319490395,120.22480952381,144.90546660839
244,21,32.9577335602267,36.1589277719767,26.1674285714286,34.1998099898773
246,52,45.4944410584974,53.8876978428401,54.2318571428571,45.8983012553864
247,65,69.3312896205087,73.7487745339244,70.7246666666667,66.1356720096629
248,56,55.0896674348536,59.9931283697871,57.7354761904762,55.1762124833168
249,99,85.3195594556387,84.5799259461804,94.0769523809524,82.8039542925362
250,0,-2.68444743143389,3.59548678817876,-2.52141165089727e-14,-5.49681708976424
252,127,122.588773760259,143.57966229023,132.640714285714,123.182909563287
253,177,147.738764998356,150.627045269115,158.025,145.947567512281
254,114,85.1537122723482,97.3223170567717,106.628714285714,83.6591576484005
255,11,13.4504296238746,14.4777077716618,12.0045714285714,12.7700772719222
256,77,86.6611824420449,87.5089150571859,83.1116666666667,84.7195485069556
257,182,196.002695779637,179.451540315642,190.112,201.15276719587
258,32,28.8965656301364,19.3506333495812,29.3298571428571,26.5024326646281
259,45,40.5745397970031,53.5527792325004,49.2297142857143,39.511756079011
260,139,109.023442469995,123.081218429606,130.066238095238,108.59900962578
262,48,55.4507032810178,49.040258943586,50.2963809523809,56.1069855982417
265,202,170.591332427283,183.067055861938,187.750952380952,156.616645236956
267,3,4.20943769009358,6.02860300711374,4.54880952380952,3.81231117537759
268,72,70.0151831875043,68.7171748615687,71.731380952381,69.8168001607648
269,0,1.54112393412925,2.45471426807153,-2.59449604657545e-14,4.59657579062389
270,29,26.8962299854596,24.8566384523352,28.1009047619047,26.8980884278127
271,52,28.3381270407263,35.3154164811892,44.9468571428571,29.7575458607568
272,0,5.49300874672254,2.26754662239916,-2.63103824441454e-14,5.18948601210788
273,37,44.7192844427515,44.2867190197914,40.4237619047619,43.1709539243528
274,93,104.761887552335,97.8907178840123,98.3613333333333,108.015622568648
275,70,70.6926433692186,65.8167099120245,65.8795238095238,67.0874987474982
276,165,173.510344703393,166.272549001785,171.610476190476,177.629925190249
277,154,157.487971518723,174.638507325509,159.717857142857,156.699405475662
278,118,133.786697838995,138.760965373648,128.662904761905,134.8204543306
280,93,62.1018293984432,57.7007930305666,74.6757619047619,60.2041392489484
281,99,68.9203301602057,79.1749706355927,90.0379047619047,70.0671841473607
282,18,24.9323934145919,23.0918028651717,20.2437619047619,24.8167411933425
283,24,17.3099462992034,19.9983304188387,23.178,17.9000893415719
284,114,111.509445500786,110.996747453939,110.260714285714,112.554117942934
286,80,57.9915861696557,95.0639626603756,83.6848571428571,64.1002599717936
287,35,45.1136250644472,34.5742529103339,39.8189047619048,40.9515089317818
289,81,55.0422906933755,70.4627450883167,73.3644761904762,53.2936433333518
290,123,138.872933602695,122.622142153775,126.049666666667,136.86889051955
291,38,50.6268867884032,49.7859160515337,43.9435238095238,51.3783317963832
292,24,28.5270887332364,23.104890605405,24.1929523809524,23.8060640242299
293,10,8.20322273450737,10.7762680554578,10.6182380952381,7.15568582049199
294,41,49.5976125348522,49.7993369191895,45.0187142857143,52.5064962316674
296,94,107.828400164401,87.042160381354,99.633,107.832247554165
297,115,94.7544134470571,97.6242604448597,106.749095238095,91.2432958188999
298,49,55.0871590556997,58.8352505875121,54.102,53.7148474151039
299,35,26.3537567054515,32.8247604772386,35.2984285714286,26.7656653823189
300,10,14.1499488337306,15.336664431788,12.3972857142857,15.3084600646902
301,110,117.728381215737,110.867875931652,108.594714285714,118.031568601805
302,117,107.838958490556,116.480940077222,118.497666666667,111.49398224969
303,18,25.452806485942,26.599993167526,19.9534761904762,24.7043438727958
304,152,132.037695197379,143.813702222139,139.653476190476,129.919755853894
305,83,87.4372921180522,88.2802931479695,83.9376666666666,87.366567974641
306,14,8.68483738724387,9.27320060399431,12.288619047619,9.36021780202464
308,114,149.070255232956,134.633121308454,129.390904761905,152.267741882893
309,188,174.281037988881,186.464442863904,179.811761904762,176.219355769142
311,0,2.63645866792417,2.54511024167352,0.0299047619047415,2.86514917593118
312,36,38.1064012223775,36.6851009282878,35.9497142857143,37.5266848234036
313,37,34.7541051784416,29.8621924046386,35.2221428571429,34.8533858558138
316,17,22.8471717888142,17.2816759313808,16.5899047619048,22.9953610394454
317,0,-1.0867972201832,2.23549282432131,-2.5335923835103e-14,-0.153086982629361
318,49,55.4944527662766,60.1947194125125,53.3852380952381,55.8306097418183
319,41,40.9893048807114,51.7100629399844,45.7278095238095,41.3157717294113
321,11,14.5622365598072,11.1128690037105,11.778380952381,14.1690071134641
322,110,106.656228319989,98.4706335404783,104.522238095238,106.115415186361
323,52,44.4305222951847,43.536826413477,48.542,41.7513753867599
324,28,30.8520769075124,30.4179296553084,29.3368571428571,33.9307378666347
326,7,4.3222429599974,3.93764538393585,5.78638095238096,4.01414852474494
327,0,2.148942568675,3.7446085417138,-2.61885751180151e-14,3.73070974745978
333,16,17.5490934371088,17.5034828522052,16.9608571428571,19.3030584591542
334,88,84.7263502172305,73.2221236345579,82.3396666666666,81.4142221180557
335,24,30.3728748543149,25.7090942829388,25.5025238095238,29.7682568654254
337,71,82.8848846127833,80.2063364765708,77.8041428571429,83.3048195332301
338,18,27.0317826748317,31.0017798527811,26.154,28.833348135882
339,90,83.0605507652728,93.1614914100976,93.8988571428571,82.746651061085
341,77,106.349296945632,80.5114145951547,86.8974285714285,104.164817142087
342,27,38.8771083461516,42.6719126119149,29.4743333333333,36.7713733182479
343,60,63.7082240665437,56.0104534647728,62.1774761904762,63.4713946772229
344,63,55.8235847101354,58.7117068613803,60.9248571428572,55.4411137473346
345,0,1.21132291270753,2.45471426807153,-2.58637555816676e-14,4.68187881083597
346,153,156.499791962793,145.129074271847,151.016571428571,157.979274867416
349,24,27.6239400483633,23.6559980626694,25.3064285714286,26.2867582378561
350,195,173.859653078311,175.631764242456,185.271238095238,174.382072962777
351,0,11.9281631490234,10.7135558159212,2.06952380952381,9.24151522079377
352,15,8.87982900845616,15.1299693288056,16.6640952380952,9.58283953943083
353,139,155.523069169938,144.612187486974,146.148428571429,156.433632731675
355,10,11.6392245600912,12.9735546504261,10.9124285714286,11.8686234532149
356,36,50.6419152588605,60.1044013512066,44.5615714285714,51.5429131800507
357,46,48.0325131802222,46.4255474975222,46.6544761904762,51.5955266885166
360,139,131.117132344583,131.179157701582,139.925904761905,136.849705490435
361,18,23.1522770594547,23.0344639129612,22.850619047619,25.7224505355571
362,0,3.77410545053542,2.54511024167352,-2.59855629077979e-14,4.09815512318177
363,43,43.1798779309879,51.8926111590669,46.9950952380953,42.3658229323884
364,56,68.483392804905,62.2653792768562,58.2533333333334,69.4424866615326
367,199,167.006504288173,165.997078181912,177.194523809524,155.883673704931
370,14,21.4224916090183,14.4024244196105,14.4087619047619,21.258177684178
371,44,50.2672083752978,48.9669107198286,44.9819047619048,48.8276979800625
372,0,1.07684629130593,2.40943777896835,-2.6269780002102e-14,3.5479207150951
373,67,106.228714710839,100.866182540194,79.6424285714286,108.688242362253
374,30,31.6182388600747,32.5827473032083,33.0628571428571,35.0221483396821
375,82,72.7200162276347,79.7719077813644,80.0456190476191,75.2418750700252
377,84,89.0124326215462,87.6667409578097,84.1825238095238,90.3912632715191
378,0,6.13071429905417,2.73227788734589,-2.65133946543626e-14,7.11945924211823
379,36,33.0308415189119,26.3906663586316,32.7405714285714,33.4734990971547
382,32,38.8068465586152,35.9747153921891,35.4030952380952,38.1218733665258
383,0,0.613808200101721,2.54511024167352,-2.63915873282323e-14,0.991248240504731
384,195,185.812239622998,177.77519695269,185.471142857143,186.289400551148
385,40,38.655379072606,35.8924181878116,38.6212857142857,38.377876945404
386,110,75.2166623598983,66.1504252897905,88.5797619047619,71.1026971820122
387,137,143.677091794975,143.025555137412,142.307047619048,146.922565858013
388,39,46.7639906368352,40.0276899019095,39.9405714285714,47.0824942714258
389,24,25.0547695932618,11.7366075636302,20.8512857142857,25.5859803341743
390,103,114.938264290049,111.253270181552,104.631523809524,108.27354152521
393,44,69.7808103140957,73.901225357502,57.5703333333333,69.5293156980871
395,58,75.4209864626926,71.8251002657681,66.3281904761905,80.4336180327652
396,41,53.7967635975194,53.5322642291224,47.5490476190476,49.2966638272852
397,123,121.648765294771,124.636215129879,113.935380952381,116.890302316785
400,75,93.0707925146313,84.070509591292,91.119380952381,92.7358095475945
401,202,204.887883820747,218.274026325294,207.606142857143,206.897683592824
402,94,103.960649731637,98.4118644458738,102.869333333333,99.5110007621317
403,143,121.416327025234,129.326352046245,135.925333333333,119.85862736796
404,131,131.295433793053,113.929564792813,120.064857142857,125.502109528112
408,68,69.7476400592256,71.6502145023999,71.1441428571429,70.7419105371935
409,25,27.9379102346568,32.4625814206942,28.7851904761905,28.6396115028848
410,116,113.182501906214,115.074372110679,112.737761904762,114.254646917933
412,27,19.8110897778878,20.3889597599293,25.1854761904762,18.5487008852004
414,60,65.7822920926148,63.4235603759112,61.0268571428571,63.9051289303593
415,137,166.260783481511,136.787993143006,134.434095238095,165.308762570119
416,52,48.5049750322612,41.3057818259605,46.8003333333333,47.2565337345826
418,142,106.900340873934,126.288964577455,135.831571428571,102.842866325117
419,0,-0.379690404499219,2.26754662239916,-2.54577311612333e-14,-0.948657692250748
420,348,336.952759730411,309.016522092998,314.509238095238,337.439556023221
421,138,140.763309405788,137.846634453098,137.47719047619,143.497557286161
422,14,9.35535485082879,8.2006011217677,13.1214285714286,10.4719068138696
423,220,201.695644680162,229.066698685502,217.674666666667,205.70180605554
424,27,19.4104559179849,20.38999323412,25.2861428571428,18.7304221577072
425,14,15.6591825548241,21.877281408401,15.7085714285714,24.8361927687919
426,17,14.0709998475225,25.2053388834801,16.8095714285714,12.93533947768
427,82,86.8819901607728,95.3053175667133,85.895238095238,90.8424438960508
429,6,10.2707433157643,10.8973244647065,7.79109523809524,10.4438433415055
430,48,41.6024503986341,38.3670520069537,46.47,38.8221159147437
431,0,-4.50633347573205,2.45471426807153,-2.57825506975808e-14,-2.02326536680135
433,0,2.49617632999496,2.08865312696596,0.177904761904748,1.49213709418946
436,27,24.8457904126263,23.1927509898262,26.3393809523809,26.1671308741896
437,32,19.412434867545,20.2737229729991,26.1707142857143,19.1458190990392
438,33,35.2289695917201,22.2289371171903,32.7104761904762,33.6026072534317
439,118,110.98899181558,117.020460341652,120.271,116.67928520902
440,72,80.1650034301495,78.6586416351074,76.0139047619048,77.4749044657227
442,182,208.241732493336,207.467558507245,190.730952380952,210.971803622767
443,14,5.9947586348395,13.3389972803654,13.4677619047619,5.96814308350534
445,29,25.7636231222222,25.5274299565021,24.0009047619048,25.2427100727549
446,0,3.05898016077824,1.8110895076916,0.00857142857140464,2.72502722128249
447,104,111.046368144126,102.776483037182,101.843428571429,108.766828770302
448,78,60.4563394818738,54.1635698694774,68.3524761904762,54.5543698491441
449,19,32.7226299885551,29.5211860915179,24.1333333333333,32.4083505418249
450,54,57.0612926645647,56.7724586909875,54.5701904761905,54.2528964022006
451,85,99.0034251890515,93.7100149855197,90.7385238095238,98.759584508075
452,25,25.8585167910783,21.1583981786023,23.4884285714286,25.9042979863205
453,0,25.0762743083941,4.29824538287492,1.86847619047619,5.35028382991499
454,36,58.6252263619521,48.3404619624346,42.1628095238095,56.2732877605356
456,85,88.6727744344047,86.7988396398992,86.2103333333334,90.3291572274157
457,29,27.7203143954269,30.2771076955985,31.9602857142857,28.3938418705701
458,110,93.820083706556,97.3040704524042,100.763809523809,92.3196163620268
460,48,42.3050333935185,50.4305969208035,48.8516190476191,44.0799089836465
461,53,53.14700333793,43.9631279811119,51.5475714285714,53.4207765189491
462,269,287.262395410709,281.245612010068,268.900666666667,295.683162478849
463,176,170.326040016443,174.251537377406,170.413095238095,170.194302164886
464,12,9.40547425729238,9.77416631947235,13.5428571428571,10.6634591945499
465,41,45.4017249294019,38.8062712187703,39.6081428571428,45.2980159375814
466,18,11.9437164789323,18.0748771484386,17.9281428571429,11.2903145552976
468,102,118.497232481869,109.669591579611,106.63719047619,115.314070742608
469,23,22.925983037539,27.5001382544436,24.8487142857143,20.5048289776396
470,91,102.908973730382,100.525138427927,97.0035238095238,103.072994216211
471,96,118.360273863553,107.932025490239,98.2514285714286,113.326151199714
472,30,36.1092642341842,36.6623378329598,32.3866666666667,34.7782080617435
474,50,41.8834753738003,49.4933630581988,48.2663333333333,49.0793377819915
475,130,62.0881583654371,89.3267312162153,102.919476190476,61.2903361928342
476,28,31.367790820334,35.2264713184744,32.8749523809524,26.8835582102996
477,25,33.6824964270895,37.3265978526387,30.3110952380952,36.8907228097139
478,168,151.682795736706,163.211575205342,168.963333333333,151.130658705784
480,26,49.6846085854142,45.8943864957916,35.3983333333333,51.0409262081121
483,16,16.8952979505811,15.084522498661,14.7714285714286,15.5848542836889
485,84,96.3277191655592,93.3067413113028,87.079761904762,93.4971043763374
486,94,105.095388831833,97.4756964297973,98.2508571428572,105.424712752427
487,22,25.7816564943017,31.7168120669633,25.7289523809524,27.0706664113603
488,9,14.7475307039741,17.230396670629,11.4741428571429,14.3490856980256
489,24,19.8110884335061,29.5104624986674,26.1944285714286,21.656566212906
490,115,135.750346621179,113.348585885009,110.651095238095,122.182442906386
491,37,47.0958646611964,39.7045716197367,38.5069047619047,48.3721899119389
492,36,32.4243101623431,32.0732288386137,35.0008571428571,31.5765009842254
493,40,40.7540036684065,45.1255352918738,42.6165714285714,45.4691699107867
494,84,97.9739256055169,97.0605091474575,86.4938571428571,97.8015695477292
495,50,61.8904965015536,51.9114884052537,54.943380952381,62.86243178514
497,14,12.4530780317281,9.99252950587458,13.619380952381,10.6603460822474
498,177,174.800415542578,171.873140391524,170.105333333333,171.522508095116
500,46,55.7984775164054,61.0605275228151,50.8602380952381,56.4015748631207
501,13,11.7684131357627,9.64073667654505,13.6291428571429,11.7124486275786
502,128,137.928325272089,129.530063887165,140.747619047619,143.298565401069
503,9,3.0216058156771,7.10569404171433,8.66790476190477,2.69278139455298
504,345,337.088482798057,285.582350682157,275.290285714286,331.605586398629
505,21,19.5502939856665,18.5853744941254,20.5823333333333,20.9793603447864
506,0,0.488679508219211,3.40831914250639,-2.51735140669293e-14,-0.629392048621611
507,127,130.202821660059,114.727056226351,119.398476190476,124.836727150811
508,88,80.4568582692741,88.3893118188575,86.7182857142857,82.9392027913788
509,113,114.384801973289,107.680817160548,111.197285714286,113.989962491122
510,100,100.446642329433,109.288998654768,104.273,99.9759799527645
511,0,-1.01057024048969,2.73227788734589,-2.61885751180151e-14,1.90281849699167
512,82,93.4198419369149,91.160996387065,82.7937142857142,94.3888389838104
513,55,50.0345100090102,52.1031119505492,58.0586190476191,51.4237961497025
514,132,112.260879371091,110.878699687972,120.195238095238,111.046971004255
515,122,148.758298073223,123.393676197498,123.245904761905,143.894802598923
516,70,66.5804140450841,70.259431998362,75.0047619047619,64.0859489189517
518,38,41.3059074254858,45.5617764512932,43.6764285714285,41.7625915651196
520,117,103.966183089201,117.935301881797,110.535095238095,100.868423472373
521,64,54.4441855285786,54.4569381912999,59.7545714285714,53.3673850376285
522,226,197.390306906249,228.105436426381,213.895238095238,203.710476310996
523,18,12.6765543927425,17.3967211714505,15.8467142857143,12.5058110805417
524,44,29.1953264672017,34.7320752986108,40.6283333333333,28.3102189934866
525,46,42.1741538904008,36.4486425159607,42.7505238095238,40.0149709607065
526,137,126.004720498552,119.097856581277,131.651571428571,127.280738745278
527,15,20.4672449158879,17.8180881168856,17.8247619047619,21.0661266925875
528,90,89.7801443802558,88.2984484550076,91.4399523809524,88.3314284313035
529,6,4.89466105149894,6.54488995760687,6.98028571428571,4.4554254704471
530,91,84.3334477372864,93.3400171784327,88.8181428571429,84.702802352809
531,10,6.06574874061975,6.18578658047569,9.35414285714286,6.71728125449365
532,14,15.7024034064466,17.8549960585264,14.9920952380952,15.9810643376375
533,37,52.3383861261002,58.5165574236542,46.1756666666667,55.1255384705885
534,29,18.9454686973168,19.9315538960197,25.7763333333333,20.1089503354586
535,9,12.9959210446902,11.6239226875111,10.5310476190476,13.735494568848
537,111,131.246382442557,138.833169709112,132.094476190476,131.341845322743
538,14,11.7304427416682,10.5699158961675,14.9859047619048,10.6001769174424
539,49,53.8704806981831,56.5163479781967,51.2988095238095,54.4732849323955
540,30,29.3683788730547,24.7669773873876,28.7795238095238,30.3154332921691
542,123,126.43163978767,128.983765513611,127.531142857143,127.612686175902
544,42,33.8670505842672,33.3870526856353,39.2559047619048,35.2590276990891
546,112,101.628994135844,103.546862891758,105.922666666667,100.215320601916
547,86,92.1598963265501,93.7056145770438,93.4478095238095,91.8933152794665
549,88,63.0755513171437,68.0189606171045,77.8720952380953,59.8792154562096
550,38,36.3941950327819,34.2304823704023,35.2557142857143,34.4718246237692
551,38,38.4736286527885,35.3216531713923,38.1507142857143,39.0337072197735
552,289,234.839283928208,258.528722187943,252.746714285714,224.591725522167
553,21,27.6108198469478,34.9299580563834,27.2225238095238,28.6605053457275
554,126,103.434661679497,127.880082625624,121.567761904762,104.45764905074
555,68,68.881262253987,70.8690573262526,68.1540952380952,69.4643801539871
556,23,21.1400768527823,20.5299351925519,23.0509523809524,19.6611093919218
557,21,17.7532458877699,17.6124184867693,18.9794285714286,16.3510797571168
558,52,67.9468992822412,60.9714731606627,61.1816666666667,66.9981811985485
560,85,81.1918605290966,81.4585220883571,84.1882380952381,78.9503058046137
561,75,63.1021477532397,64.290313960114,70.0867619047619,64.7507042626754
562,58,52.9015217214837,47.5997015718807,54.2160476190476,53.5453075270486
565,0,1.56959447587509,2.73227788734589,-2.59043580237111e-14,4.84083782960025
566,42,37.0270818239039,31.8341222762704,36.5005238095238,35.9058785256128
567,66,63.8603952279468,67.9259960304844,66.1968095238095,65.5315423041166
568,134,113.174732377531,111.596157372136,123.705285714286,114.18007261601
569,51,52.0369335156356,55.0980714171104,53.1829047619048,51.3257120606125
570,24,26.415033045124,21.9334411005608,24.1712857142857,25.7685912437776
571,41,42.6513070925608,39.5921617495179,41.4022857142857,42.8162805160551
572,0,-1.01360640435902,3.68588276178075,-2.28591748704535e-14,-1.27385824419183
575,122,74.5504866340088,96.7089786543298,106.868904761905,70.0682664678446
576,14,20.9238367762548,19.1069722960349,17.3131904761905,21.3271701186594
578,109,118.872854379314,112.818615639745,111.275380952381,119.745856994592
579,86,81.9387637039496,82.0888745002513,83.5804761904762,80.5088273384122
580,31,38.02765898916,40.8896408948849,33.2528095238095,34.9319741036674
581,12,12.0211595499539,13.8067661582724,11.6600952380952,9.1742999466604
582,118,105.687314585616,106.056562906055,110.836571428571,101.475342466106
585,41,45.1453918741748,33.773335890689,39.5177142857143,43.4913808148237
586,194,160.206991943953,179.329772843673,167.904238095238,155.348291558983
587,31,40.8606584074113,41.1999109904516,36.2928095238095,41.1359675219257
588,27,32.6448561945721,33.3309923356678,31.7914285714286,34.2120238581725
589,127,123.348097565139,123.709768328583,126.776857142857,125.49174942265
590,69,71.9425081499929,91.2475593012104,78.2611428571428,74.4836012790167
591,108,117.613123686601,113.43764035356,113.383904761905,117.506635571787
592,7,17.1850714963042,16.0039786029214,10.4687142857143,15.7922962859967
593,53,45.3691791892729,46.9336242048492,49.6598095238095,43.3533472997446
594,18,22.0270910589108,19.5614402947438,19.6676666666667,21.5003720901488
595,75,74.5820386950943,81.3566106720712,77.2978571428571,75.2454345073316
596,98,95.0058854697477,107.694141622783,100.545571428571,96.5464279810788
597,123,103.653018196495,106.339410656349,116.466952380952,108.337691003431
599,37,32.6522596067227,28.9328701084562,35.5443333333333,31.8248992892317
600,62,85.518855397906,66.5888639760763,65.1020952380953,81.7408542982925
601,74,73.5338939164693,83.8129121965843,78.4885714285714,70.409998153342
602,33,29.8190910932127,33.7767245767224,32.8683333333333,31.369960610158
603,87,58.5694559264928,60.9877156126336,76.0838571428572,56.0316249022571
604,48,36.8269355967479,32.9855623827683,42.494,35.7448669765116
605,132,131.095835900439,109.494732630912,120.258285714286,129.515934072045
606,43,50.8002188555901,57.2127246127681,48.7284761904762,51.1049845824918
608,30,25.1734149575592,22.6487596925637,27.7540952380952,23.9488174420381
609,156,155.490799750756,152.851264771633,159.600619047619,160.284060240965
611,7,8.2737489140021,7.6914259622746,7.03057142857143,8.99012234217779
612,186,184.683675327514,194.453620538699,181.850523809524,187.791084458802
615,57,50.68149457206,53.6433079333015,57.5500952380952,49.5931703881909
617,66,64.588478564447,71.0770144575133,68.4571904761905,67.6726074553931
620,20,27.9318855772907,21.1307972253094,21.9914285714286,25.2577394452606
622,29,58.0847747029775,24.287229159675,27.8138095238095,45.352267790083
623,8,10.391608429759,14.0748154451405,10.7010952380952,11.0636716581444
624,118,107.040113816779,119.168782484858,122.90980952381,110.922194524961
625,21,20.6245908600565,21.512294047206,20.4537619047619,19.4923949495355
627,30,36.3274931770025,35.3235554117889,30.9378571428571,34.2969498173135
628,21,21.8241017204251,20.3038712559773,20.098380952381,20.8916241832183
629,209,209.149382261002,203.010300595977,203.979714285714,203.699987557612
631,121,141.68992241278,131.049586035573,129.792333333333,141.073010143731
632,0,-0.0936389196080867,2.73227788734589,-2.60667677918848e-14,3.63355097101262
633,152,137.763968957123,146.440952175368,144.393380952381,134.258255357223
634,16,7.40077555637025,10.5952121339253,13.5857142857143,7.41197878758347
635,68,86.7057957251518,78.3171914557816,74.0200476190476,90.6249593756218
636,179,155.600120684919,152.453313753068,163.882428571429,152.584142976248
637,22,28.9148751172128,33.6777777891543,26.8471428571428,27.7190810511921
638,109,112.936028014918,104.095084759937,106.84819047619,111.77156151757
640,27,34.207883581079,28.0241886514683,27.968380952381,32.4718660744215
642,20,20.4936694823268,23.4266309424411,18.944619047619,21.0863961544062
643,147,130.332609593112,138.44800488074,137.205428571429,127.827266261262
645,34,49.5986616696538,41.4683652318607,37.3205714285714,47.6038399590444
646,205,212.04212763218,210.320383705448,205.806857142857,210.513475518653
647,13,20.5528812119077,18.500050566165,15.9192380952381,19.951332890011
649,33,41.107253853315,39.2629604739022,35.2231428571428,41.8619046883814
650,193,224.731356203699,208.731643146302,200.955809523809,224.540872417623
651,45,50.0585339337996,44.8136826760158,45.5430476190476,47.9289291609176
652,3,9.52841247810486,9.66260639074978,7.87242857142857,8.49803613005028
654,23,18.3336107884871,22.6742794507641,23.0999047619048,19.7380337754603
655,137,156.292110565821,146.874912859117,152.01819047619,156.456208202173
656,86,95.3613605462833,91.2922175347317,91.6915238095238,101.26215770279
657,30,26.8574910963925,30.8708881374797,30.5193333333333,26.7289386817086
658,0,-2.32086805878135,3.55021029907559,-2.55795384873636e-14,-3.53741594403631
660,122,149.729020359803,138.335254297476,138.646523809524,152.671857775646
661,0,-4.18069711437204,3.0043511175288,0.0465714285714117,-5.46250629314906
662,35,31.1155962879588,30.7032896602153,33.4018095238095,29.3637149614148
663,81,71.8936111942645,64.0174945758643,74.3647619047619,72.571755922221
664,197,164.090518773259,189.720671459832,190.636761904762,162.684181466355
665,43,43.1006453967703,56.7158987897328,52.5642380952381,44.6322917099967
666,65,73.9262936577196,63.4908085635628,61.4119047619047,72.4845582353186
667,77,98.4525946668835,89.7677124578121,93.6947142857143,100.582332904701
668,146,117.443166454464,122.996112878487,126.779904761905,113.042883438003
670,0,1.34176451993773,2.22227013329598,-2.48892969726252e-14,0.919980445505772
673,0,2.14130293460344,3.7446085417138,-2.60667677918848e-14,5.49007288251334
674,195,191.078763435651,185.444023846655,185.476238095238,189.529934375385
676,0,1.69236907615035,3.59548678817876,-2.43208627840171e-14,0.515841229857031
677,126,151.561420101578,149.009630930955,136.077666666667,153.975107785607
678,0,2.24958134752628,2.26754662239916,-2.54983336032767e-14,2.63718110294567
680,25,25.0289285822,22.8644338105194,23.7789523809524,25.1445635213079
681,12,12.6775715501745,11.1128690037105,12.2721904761905,12.3031713954244
682,8,9.49735085011475,6.99085871190613,9.49795238095239,10.5042211995005
683,31,31.9604689933619,34.2805370176626,32.106619047619,32.928887171501
684,139,146.698076259406,139.492523057396,142.801714285714,146.618975612958
688,30,31.1005207326884,30.4031144709064,29.6124761904762,29.6780245798225
691,46,43.8921130840704,54.9986679063303,46.9114285714286,45.1990297440929
693,80,65.48447102195,60.7231472639799,71.524,62.7073826843244
694,37,43.0227565105459,39.6667651303432,38.5268571428572,42.4920502719065
695,52,45.4429891733732,50.9205803369072,50.2065238095238,46.5106885400202
697,58,53.1359940213217,52.8821607189182,56.1521904761905,54.4072279745676
698,103,108.33002155029,111.447327454089,104.204047619048,108.92141454875
700,25,23.1977880085306,26.8809184299346,25.2557619047619,23.5815945515577
701,32,32.1742264878513,45.5144810833103,36.3986666666667,33.1827563959833
702,103,100.461236223926,94.5481409264492,99.047380952381,99.8811855119112
703,130,145.755277603497,124.592612334449,126.336285714286,140.792256735514
705,60,45.0178032477137,52.2494465384554,54.1325714285715,46.2620716754562
706,0,3.77381631935032,2.26754662239916,-2.30215846386272e-14,5.50992943944351
708,42,46.481682805693,46.8404328748638,42.7867142857143,44.8260020022425
710,60,63.1634450946719,58.0098260485041,61.2253333333333,64.2148992442451
711,0,1.4373898712488,3.59548678817876,-2.52141165089727e-14,-1.96469231240273
712,87,97.135760327749,100.346604104141,95.0514285714286,99.2456813759069
713,66,69.0084516374124,76.7946332256303,71.7747619047619,70.8532495430627
714,106,88.3724598137347,100.201980729966,102.976761904762,87.3532984155557
716,55,67.1338525836044,65.6090359012033,59.7279047619048,65.4976733440042
717,40,43.2245908270134,46.1998319933888,42.3684285714286,43.2105378585548
718,89,88.6667678067255,87.8255375662579,91.0358095238095,89.8414997549083
719,77,110.26029259669,100.781483817726,86.107,107.594402019201
720,120,99.5876742478643,106.171679111781,110.533047619048,97.5705992578387
721,13,6.21604135302262,13.8240581890325,11.8993333333333,6.83848219457015
722,13,15.5324846726755,12.8301431611881,13.0231904761905,16.1827613839704
724,21,15.2729638332194,17.2532482958887,18.6407619047619,15.0521695137601
726,60,64.4818749975316,60.7072744375652,58.8470476190476,62.731172955737
727,112,106.689974036339,121.268139631349,111.208,106.52615727544
728,91,83.9057378490334,95.0039456015967,90.374,84.8508085279436
731,7,19.2851181548852,13.3925120104743,8.42428571428572,16.3715657761166
732,80,66.2439516622974,80.3509512547293,82.0775238095238,69.1307321407086
733,46,47.1843593598134,42.3128286376554,44.6491904761905,47.410740258942
734,39,28.6315365172946,30.8312991941184,34.8936190476191,31.9045864472033
735,21,25.9153335835266,28.1656742846777,23.460619047619,27.345060476092
736,11,13.2440374999013,17.5964614971697,14.9669523809524,13.3038013168643
737,31,26.0494606149129,32.9265450668709,28.8310952380952,25.934131217281
739,114,113.62304949621,113.448111126719,115.120619047619,115.111490220186
740,24,27.1256858938238,31.7600093577185,28.9097619047619,29.2021734086444
742,87,76.7287284512564,70.2645557978801,74.5067142857143,77.4636768275069
744,82,96.0410658913465,96.5482770157329,88.4798571428571,95.0805686069953
745,51,48.7071861286288,50.1529054402625,51.0199047619048,47.354575360357
746,37,33.1106350800947,32.35668176928,34.1683809523809,31.1469112256733
747,15,14.0632321508131,17.8131002695574,15.6178095238095,14.8421378185083
754,36,32.6266719881212,36.4834708876322,36.8153809523809,33.2995292309993
755,0,0.0186958910559002,2.73227788734589,-2.65133946543626e-14,2.87207347948857
757,85,89.1553851535646,90.2136193640592,86.6691904761905,89.2172882192449
758,38,35.709664044297,27.8658765417525,36.8748571428571,33.1994227321368
759,17,30.2829160271428,26.0418435192871,20.6286190476191,31.2870183832012
760,8,18.682668385598,10.6544439400316,8.00585714285715,16.4739098877298
761,0,-0.167414462828818,2.45471426807153,-2.60667677918848e-14,3.61557242005951
762,86,78.7577341798964,78.8021640899576,81.6465238095238,78.9073304663366
765,97,86.3407238589967,89.615824977204,93.3067619047619,85.0831865575516
766,28,31.810154866476,31.2814585096181,30.648,31.5023168485318
767,42,37.9787109594622,32.0008708488883,39.4539047619047,38.1183826870041
768,217,203.985615033384,209.239249328409,201.557857142857,198.854124132493
769,19,26.1526274013464,19.4328219156535,21.436,26.8780186557747
770,182,160.534928547906,177.379530543984,178.774142857143,168.809785157078
771,3,1.20150309049376,1.8110895076916,2.26185714285714,1.08396186737686
772,90,86.4568289498141,85.1530332546496,89.3458571428572,82.7200203297621
773,126,104.540576169613,105.612059736661,113.562238095238,100.890741034506
774,53,53.9508200815864,57.1962567512243,52.3278095238096,51.9800331097498
776,106,100.432868274782,98.775143211416,99.6752380952381,102.691127563848
778,45,50.7816280704454,50.9661751170704,47.6192380952381,51.7140669133101
779,84,99.2809908120136,98.3665411350225,88.3164285714286,98.5457530038973
780,63,68.603689780739,69.7018908601651,67.0201904761905,69.7371190232193
781,100,92.6571994765007,99.7206741754892,99.523,94.4995122534499
782,72,63.1745899904868,61.9714646769943,66.2618095238095,60.9709075411127
785,52,84.9102328842922,55.6405623956784,54.0872380952381,64.1792860777127
786,117,119.937312157436,114.786974365887,122.143476190476,120.039866948227
788,129,103.700409174179,111.09283003982,114.495285714286,100.812836131188
790,3,9.90916091017972,12.9150484823052,6.424,9.24335147789537
791,8,7.50772587806195,7.60294257748683,7.61276190476191,6.63682279915454
792,107,117.431819488758,110.106845087179,110.151047619048,123.560497751848
793,57,57.5926045926412,59.3233890436497,63.2150476190476,59.8262770758954
794,77,98.4868726954671,87.7548719920391,81.4189047619047,86.9058109234269
795,41,36.6249378971902,34.122154871352,40.0880952380952,37.5635564258681
797,17,18.4545325340582,18.4739597040891,18.2508095238095,16.904006360934
798,38,44.8149790719468,37.3434712361654,37.1816190476191,42.7376039025028
800,304,260.186226979984,292.913489501544,283.414047619048,255.769608049121
801,61,49.9622717475136,47.1273539191981,54.8159523809524,50.0873591753825
802,86,83.5017843994406,83.4681358647889,86.3737142857143,80.6847090876583
803,50,43.0054461668383,38.3352132712406,47.9366190476191,43.4083969333819
806,168,165.473098311518,164.943447274178,166.677809523809,163.851726379883
808,90,68.8342698038126,70.0466962762771,81.3510952380953,69.5458899900703
810,89,84.0708786154113,76.7193605377712,82.2638571428571,80.4008177338694
812,49,50.1214909662777,49.2635755414895,49.2091904761905,45.069659371394
813,74,68.0352508933143,73.5475079016168,77.2771904761905,71.9072936470948
816,149,154.494871745075,156.436176880615,159.399666666667,154.506204716246
817,36,28.1639923425867,29.455883933824,33.5364285714286,27.1796393744918
819,62,60.6552039993648,70.6157669390144,66.9667619047619,63.9398547090669
820,14,22.1976255522655,16.453964563048,16.2465238095238,21.1975796654228
822,18,15.0548042325233,19.8655914542479,18.6331428571429,14.6690734696203
823,54,54.7719713625889,59.5036210971034,54.4573333333333,57.8780479022854
824,7,16.6734643501923,16.2383620799328,10.0821428571429,14.7554847471188
826,5,3.13016768902143,6.09095030902259,6.2467619047619,4.35058723014022
827,93,100.713538474296,95.1311941665685,94.8837619047619,103.536122067379
828,190,168.984146303196,162.892657418308,169.590571428571,165.849130755974
830,27,32.5801133866424,22.490072767565,28.3452857142857,33.7373020993965
831,43,50.4207917184191,52.8727338378105,47.5579523809524,51.5408439880104
832,92,115.494323570867,99.494941371013,98.9671428571427,115.756478817337
833,24,28.6567206313375,27.7019220312689,25.7001428571429,30.1447781948108
834,20,19.9470207118358,25.5575749361443,22.8901428571428,15.2933634218309
835,45,48.5830839226068,45.2763300370649,44.0479047619047,46.5419768726952
840,31,23.7527688415428,24.9306353411889,28.022,24.4485319633046
841,92,76.9754884193077,74.7590634591982,83.6071428571429,74.6938000605515
842,0,1.43657593605651,4.88538106182104,-2.10726674205424e-14,2.87822836624604
843,8,18.386547202956,18.8199922812923,11.9136666666667,12.0975045290406
845,145,137.525525632113,129.431482298089,135.493095238095,140.152894268845
846,146,131.772856644667,152.158595657683,142.877,137.132538853974
847,90,84.4248482648575,100.715572028499,93.6567619047619,84.2931352225559
848,30,42.9451131859897,50.3651605491674,38.8837142857143,43.2118324063677
849,15,15.6723152785318,7.62584621415787,14.0521428571429,15.2501191232044
850,31,43.6186707654313,49.8286671549026,39.4429047619048,46.9061619040318
851,52,48.2639134389092,50.7547348870379,49.991380952381,45.6322453009564
852,0,7.16864833231001,5.75103938783938,3.64947619047619,6.25527584551945
853,5,4.2987782278651,8.29849471767781,6.76042857142857,3.94731816920496
856,24,20.032713147687,23.0420204072926,22.3402380952381,20.1504624971129
858,37,35.91945026851,32.6637492969151,36.507380952381,38.3105302408153
859,66,53.5044384005358,56.5713217095525,60.8287619047619,53.5431525780665
860,48,38.8842564710139,33.140460461627,43.7247142857143,37.8217198885853
861,90,86.1805394162319,84.4121469507971,90.1254285714286,82.6992477030838
863,84,62.2305153889372,61.7883945018754,71.9260952380953,61.2622582577845
864,32,27.4598732534031,25.9064110695231,29.7407619047619,27.7393425603056
865,74,77.3973230467168,76.1157791201709,74.5686666666667,77.2755639002368
866,104,96.3079105157557,99.9541027337079,103.932857142857,103.267654667658
868,0,-0.492495411391012,4.88538106182104,0.017142857142839,0.518059425921749
869,101,67.5569096154328,70.9788644683786,86.6589523809524,66.5468705512714
871,67,75.6905055751113,70.9148005218802,67.0414285714286,78.1704438695482
873,143,124.22733992931,106.437788117408,123.661666666667,117.835269371451
874,52,48.1579513712516,45.9688719054059,49.1972380952381,47.2779030820664
875,46,45.7294225910686,46.2475301545044,45.6212380952381,44.5727983260085
877,125,94.1264902983907,111.780409577108,117.571952380952,95.1942717612027
880,13,7.27354200675878,9.99252950587458,12.5933333333333,8.39359579322027
881,47,43.5973375780197,58.1583002575242,54.3401428571429,46.0308238222619
884,91,76.4388587739299,89.3769251023983,91.0720476190476,79.9215329811836
885,77,77.4226477499727,83.0921556295196,79.239,78.5363538790969
887,29,12.2973286432189,15.8676750773221,21.5792857142857,12.2834607356053
889,216,190.263709833588,209.252449539035,200.920761904762,191.439840339482
890,13,11.6045297853576,10.5705506307274,12.6590952380952,10.943077055922
891,51,46.3557624864744,47.0967844487684,50.8485238095238,45.5688742155911
892,39,49.5782377427126,44.1372555709211,40.3544761904762,47.0232082649616
893,138,198.785385359833,160.752591310095,157.414666666667,203.360180145734
894,116,126.214730844703,117.165577285978,119.632333333333,127.670936256343
896,76,62.4221464053188,72.5639212946647,73.8724285714286,63.9789607598576
897,0,1.09149132119767,2.73227788734589,-2.59855629077979e-14,1.78587562911188
898,0,-0.332868892389905,2.45471426807153,-2.61073702339283e-14,2.00902246485136
899,56,63.4308202740868,59.5558305441618,53.9031428571429,62.584451635788
901,3,6.37122439531148,7.96716792241773,4.57909523809524,5.08471113094079
902,42,23.7459007319085,42.3679921101714,39.8592380952381,30.0720576899307
903,139,147.925820493794,144.466121386034,144.736285714286,153.242240112005
904,112,87.7722577396974,81.0972602385909,96.6768095238095,83.7473996766584
906,88,86.2085291063532,83.7436827513499,85.1622857142857,88.665757168815
907,158,138.373682644499,134.960855774357,147.312,139.409856290014
908,48,49.9817305927965,48.9465693387935,48.3894285714286,49.1989795112152
909,11,11.5268048822879,16.1856845147007,12.4551428571429,10.0216086416948
910,59,59.4373120593809,60.0302113488799,61.703,58.529577557023
911,15,5.64014917196834,6.45212272880206,13.4864285714286,5.78558196040608
912,33,30.7995703739,30.161686154654,31.5235714285714,34.5576666583075
913,52,52.1792992753009,41.4355226814945,47.5530952380952,50.672445582965
914,33,34.7940540117591,41.9310613043026,35.9680952380952,37.5683463439835
915,97,92.6961762638219,88.9089757271749,85.2718095238096,88.7703632231162
916,103,78.1357810993216,93.7938432184936,95.399380952381,77.8731938951585
917,49,56.2142574514393,56.2462878755946,51.3635238095238,56.7318378951748
918,106,93.2692617712457,102.161029582976,102.712095238095,94.9237400922111
919,14,19.4086761428269,19.72302946019,15.0478095238095,20.2455613947193
920,66,65.4382087435264,67.6190923229369,68.6176190476191,65.3158104533248
921,198,194.345383310402,201.684159026042,189.153857142857,193.246677025659
922,0,4.6702049974225,2.54511024167352,1.12947619047618,5.51395250954054
923,8,7.65897004726641,9.68412345690344,9.17847619047619,7.94762790018792
924,45,38.7393052316751,31.734270032406,40.9350476190476,38.9416895516959
928,48,47.6973515861921,44.9688731012957,44.5730952380952,49.2663249604914
929,155,161.386964652832,157.389713050509,154.061761904762,161.298178574349
930,39,31.0648263770175,33.603966451825,36.5917142857143,30.2309842142094
931,32,35.1452891069594,40.5129948425374,34.4655238095238,36.3963686130458
932,26,19.0040864176048,30.5975459134618,28.0282857142857,19.0010117102502
933,24,14.1355485247253,24.4896837999524,25.6291904761905,14.7939521017073
934,96,122.172126356496,118.748393532519,116.21580952381,124.997381888701
935,50,55.7893847343073,54.7032522420133,52.8761904761905,55.5324710414804
936,126,113.504809331356,102.289356008492,116.845047619048,107.066520291058
937,21,17.2740579764,18.5014035085358,20.0000476190476,16.9531889956481
938,37,33.7362338257497,31.6690706579561,36.300380952381,34.2913954764052
940,184,194.762153654515,194.867078133514,182.446428571429,197.326691310297
941,77,87.3959904898227,83.0458388452419,81.1884285714286,86.8053931150831
942,185,194.913580936269,200.574149170875,192.639904761905,201.219947729607
943,49,59.8317261060064,59.5877278785494,53.8177619047619,58.2683100653462
946,68,101.634421475824,95.6361396804708,84.5131904761905,102.472038871901
947,0,1.46400752150938,2.73227788734589,-2.6269780002102e-14,4.18110409940557
948,130,120.122294457081,113.929253995308,115.664952380952,120.39438658377
949,46,54.324715473636,44.7676576622476,46.6277619047619,54.1529729824153
950,22,22.2658700971281,26.177768211092,25.0919523809524,21.4537491877404
951,14,4.2219926854996,9.76443362721482,12.1486666666667,1.97511471346842
952,18,18.419802858393,19.5518633804302,18.7171428571429,16.7795497151953
953,45,49.8051297134134,50.571500763431,47.6960952380953,50.7316537790674
954,16,7.36199576769376,14.1966724998527,17.2937619047619,6.64312604846961
955,29,31.5545771047685,27.8618773151421,29.9049523809524,30.2215719377823
957,57,59.8328675142292,62.329582819689,59.0381428571429,59.641886504312
958,117,140.65221154277,140.266221817664,136.068095238095,138.646583346499
959,95,88.8561411769914,95.8336177512488,93.2292380952382,89.707992988897
960,88,79.6674373577535,85.0717173261148,85.587380952381,75.940032242375
961,0,-0.738000462232244,3.40831914250639,-2.56607433714505e-14,-2.58290470773983
962,0,-0.473742702848277,2.22227013329598,-2.5620140929407e-14,-0.739354264701475
965,80,83.008872284235,89.6576791310235,90.1278571428571,85.4747527945716
966,61,53.5927886447663,61.7943554198574,60.6862380952381,53.4272324286447
967,6,15.1121705167894,11.942820684425,5.64152380952381,12.6944176247451
968,0,-0.464256803464587,2.73227788734589,-2.52547189510161e-14,0.336837668254361
969,38,34.9267415770778,46.180711410392,39.6009523809524,38.5192616179944
970,19,15.2225179940984,19.6472282678457,18.497619047619,15.0761622998508
971,35,31.9981201387972,31.4858374077501,32.5982857142857,29.4857229810776
972,103,124.786741809985,117.499417748075,122.006761904762,126.627019908957
974,70,67.1224176276101,50.887718138555,63.5675238095238,64.4953656383891
975,26,25.1228563197683,28.3025621157779,27.4694285714286,24.7703872831628
976,156,156.204601079513,151.904604737481,148.725523809524,155.901316618719
977,43,40.8310461230566,44.3537704646689,42.7291428571429,43.1631823120666
979,31,32.8536501087812,41.1910733230211,37.2208095238095,32.5474685851519
980,80,51.88260554861,58.2307786651855,70.9722857142857,52.5780160381823
981,87,90.4840258459357,93.0316006126855,89.2771904761905,90.6333167788346
984,9,13.7651052232349,11.1760584234543,10.4712380952381,13.1317452175324
985,183,160.096631772619,179.031489434373,170.019285714286,163.194402032254
986,47,41.109914980522,30.5385444778482,40.3624761904762,40.1016908712159
987,36,31.2586550553873,37.0132071506454,38.440380952381,32.270603234777
989,157,163.784029244199,153.54944094483,161.255857142857,165.138657476503
990,9,15.035575982159,9.41238640095904,8.90928571428572,18.1104533363616
991,98,103.094905438391,100.597934109975,101.685952380952,105.076960537716
993,123,124.604156253168,133.734962551902,128.767952380952,126.51800998774
994,25,21.283774620554,25.2316380794744,25.4012857142857,20.9264946025612
995,15,11.4541048045881,14.3975749649715,14.5476666666667,12.0027945827419
999,27,32.6663552671284,30.1851717494756,33.8017619047619,32.8124184834412
1002,39,42.0448528476261,35.7237522455453,37.9835238095238,42.5038533231824
1003,31,29.7539102090986,26.5572432270849,29.433619047619,28.8498944415425
1004,92,135.16669803952,103.112838031791,105.370952380952,133.808384195911
1005,91,102.553100267313,96.8085773342937,93.0316666666667,99.7222851877945
1007,93,77.5090204402937,88.657446002378,91.7551428571429,76.2570895333955
1008,174,140.184887035545,142.684038752776,163.028904761905,141.337128314852
1009,179,183.491148122224,188.191955755824,181.399380952381,182.935519162743
1010,39,39.4870417112539,39.6142351092265,39.7041428571428,40.1008921476963
1011,36,35.7418745672198,30.2498107787049,34.7954761904762,34.8248126109344
1012,112,110.77886610563,111.033570552296,112.068714285714,111.193337961121
1013,71,67.185005190829,76.7018395546022,74.3613809523809,70.0530585258694
1014,8,10.5691448228925,9.1105966817059,9.71076190476191,8.3785474972486
1015,229,214.646971127704,217.023766445685,207.02180952381,212.689762712816
1016,0,-2.83945895745886,2.45471426807153,-2.61073702339283e-14,-0.0716604339074252
1017,13,26.3895105548939,20.6987649377349,16.3203333333333,23.3945551605059
1018,111,92.1298215169973,89.0184579011924,95.893,87.5219674258787
1019,198,199.799200421875,197.838128636228,206.36580952381,198.67445489618
1020,78,72.7790269988664,78.4047114610342,75.7719047619048,73.9865411159896
1021,113,124.121228019064,120.416693841509,113.381142857143,126.47019394274
1024,44,33.1838110252963,41.2772133019384,40.7295714285714,31.5461590265884
1027,33,47.6842020062029,42.5890893082891,40.1415714285714,46.4199268655271
1028,33,26.0841068907995,36.6972826374377,33.4493333333333,25.8176072731193
1029,47,34.4840217339011,35.8445651363763,43.5145714285714,33.7960412818582
1031,16,17.5084168913559,18.5213671273081,17.9034285714286,17.5380343957826
1033,12,12.5941108787424,19.6310200714136,14.9890476190476,12.7274888824774
1034,78,72.9221172061489,66.6980680983296,72.5328571428571,67.4618368666655
1035,45,47.6115630281642,59.7180889000272,52.4368095238095,48.1105520769372
1037,45,45.4994567822855,58.0430334818469,50.695,48.4767185649953
1038,104,120.630701432976,119.290521218085,110.516095238095,123.601924561697
1039,59,60.0361617896464,65.7224603201234,62.0514761904762,61.5877562923377
1041,154,149.87207300198,142.349357751855,148.003571428571,148.987021130953
1043,55,40.6105982214727,32.3149209294619,40.6451428571429,39.8377852666086
1044,33,42.9982038327094,36.6243294891674,34.8509047619048,42.2119813996643
1045,40,39.5599874091081,33.442196310145,38.6680952380952,39.1886246098245
1046,26,21.8815755406256,22.1967304652624,27.2226666666667,22.1717020668636
1049,121,138.919009383707,135.274277703223,129.780238095238,138.044932083061
1050,11,25.8871219364512,32.7050660687478,18.7697142857143,26.8843271319647
1051,54,45.1041930508231,51.3652343397166,52.3878571428571,45.4266239469134
1052,0,-1.00046944018765,2.73227788734589,-2.61885751180151e-14,1.9069029653999
1053,105,68.4820200611609,71.4849290472538,88.2038095238095,68.0290475368277
1054,200,169.539844606755,174.99941035929,184.298523809524,166.906388875082
1055,9,5.76957311354373,8.06292131991639,8.53242857142857,4.97813196496556
1056,153,165.348774607324,166.380332571991,165.119095238095,167.990277138798
1057,11,10.0577045346199,8.83558862401945,11.4517142857143,8.87200999102493
1060,118,116.555387675739,115.970897981526,117.052238095238,118.920174604213
1061,90,82.2583466918373,83.5472705713346,90.5563333333333,81.9866882998056
1062,79,96.770984203896,98.0560006668903,87.7124285714286,92.7218527182885
1063,177,151.767279218184,153.624161756686,171.389761904762,153.993621738423
1064,42,56.4004760145085,45.3799717783552,46.313,55.8603641962599
1065,49,38.9797913688782,36.6978069007208,43.2058095238095,36.3248230645107
1066,72,80.6341986723737,65.1058878153157,69.8318095238095,77.4665139922337
1068,37,33.9788342476119,32.8349804225381,35.4554285714286,35.2491769040904
1069,63,54.8753500489215,69.4517538784889,64.8885238095238,57.7074403032864
1070,13,13.5297909150142,11.2274442023501,10.9835238095238,8.83915415473519
1071,10,9.95972770215814,8.2006011217677,10.6966666666667,10.6904817297487
1073,95,87.7460836336618,97.5516566338389,93.9443333333333,86.4637122930616
1074,51,62.0121590216665,57.1771021401416,55.5835238095238,62.8510704689287
1075,66,90.6841296786784,73.417834243855,68.7008095238095,89.7796178034746
1076,37,38.5711354430124,43.2594655372352,39.9732857142857,37.2531130638741
1077,19,22.7172753511553,16.5654367679643,18.5232857142857,22.0545969221762
1079,36,39.522346803188,46.4654865100427,40.8528571428572,38.8693848178863
1081,63,57.096951243106,54.3745206489239,60.2296666666667,54.6717350329284
1082,76,81.0196228487766,79.0094283947184,78.457619047619,79.9760557296812
1083,73,78.8019815184403,85.6528664011525,80.7265714285714,83.802532685234
1084,165,190.156452979667,174.458190031244,169.974380952381,184.787354698254
1085,29,32.1519592003405,30.179101332097,30.5726666666667,31.3725123912943
1086,89,76.7345645391816,70.8326843808408,79.8161428571428,74.4264048017891
1088,24,15.8098063210575,29.9091344964527,27.675,15.7130106220847
1089,70,73.5040147681048,72.5831480703753,67.1055714285714,69.8644064742061
1091,34,34.8290887534615,34.9278931397942,32.2748095238095,33.5884739324284
1094,39,49.996996191264,47.5844107252934,42.3559047619048,50.471356309703
1095,100,111.159562592597,106.983231289908,102.162904761905,112.41761309337
1096,0,0.101919881381793,2.45471426807153,-2.60667677918848e-14,2.77701986698874
1097,44,58.127256321285,53.6962757863667,50.3114761904762,57.1339020694757
1098,59,63.3647261505841,59.6095197211743,59.4528095238095,64.4750811022905
1099,88,53.7874996290412,52.825452117229,72.6800952380952,54.6247876966993
1100,57,40.8733949871498,51.3686770710895,52.9921904761905,40.0789990707249
1101,101,101.627058854094,99.6925806606381,100.66719047619,101.400932534719
1103,41,40.8814704468515,40.2934680770258,40.2307619047619,40.1589520537556
1104,16,11.1815632676243,7.66663408058586,13.2999523809524,11.9159022475299
1105,0,-3.20657388694671,2.26754662239916,-2.46862847624081e-14,-5.47256163591632
1108,51,50.2983005493828,52.8699929880628,53.9392380952381,49.6437261685949
1110,48,40.6508712387419,44.6327142154826,51.4937619047619,42.5316231205113
1111,43,58.0339376550726,44.1182637041988,45.6693333333333,53.3680785039916
1112,116,102.754791171116,100.882174384349,109.793047619048,98.5736860713857
1113,17,22.4841698343024,17.6437235419755,18.3805238095238,22.4961591393989
1114,89,96.2071514415585,95.1124986011001,91.7057142857143,95.016553413602
1115,59,54.0480779680497,51.8719082087445,58.1480476190476,54.7074338573889
1116,85,78.7617806316152,91.9686167853076,84.7745238095238,79.8433263877704
1122,67,63.317259994295,77.3232796959531,71.323,66.8944058531716
1123,111,113.946158528606,119.39305199742,116.579714285714,119.108758683105
1124,172,151.484365143749,162.087419131318,159.407666666667,147.961479814444
1125,34,34.0520406337457,37.1931935331291,34.7554285714286,33.0459142055165
1126,61,51.6436015675673,55.6447634326016,56.3697142857143,52.0483141815086
1127,61,64.9935066124367,76.2704444814966,67.7678571428572,64.1363068661597
1128,18,13.2647126559296,13.3311704447388,17.3565714285714,12.6944327680112
1129,139,119.908683768959,136.324700368937,139.971761904762,121.351948277771
1130,31,34.3410888067615,41.5876826770838,35.3671904761905,34.0346291318586
1132,11,11.8975960463037,22.7011320688541,15.1664285714286,16.4873423393446
1133,150,142.621163849121,149.612908877842,150.280476190476,142.997560864299
1135,0,-3.03103563730316,2.54511024167352,-2.47674896464949e-14,-5.48950821841341
1136,57,69.5804204316331,57.8114906507511,61.0582857142857,66.3156791638994
1137,64,62.6110389478759,53.9889720302377,58.8285714285714,62.4289519376612
1139,41,40.1004975028052,36.7265636313143,40.0147619047619,39.9189445846869
1140,32,30.3555054910721,31.0242465174893,31.7612857142857,28.5783184878406
1141,56,68.9965414276742,61.4523287506664,60.6641428571429,70.9322014645466
1142,143,148.673585328028,147.77776880797,145.088666666667,148.484216575237
1143,19,20.2677344357907,18.3059474318866,19.6654285714286,17.7819442993249
1144,81,71.1626047050159,85.3925115394675,81.4181428571429,69.7117808990633
1147,35,41.4014274585464,42.1998269135716,37.1037142857143,39.986573661509
1148,116,135.722914160193,118.867380606263,117.995285714286,135.469719515978
1149,44,32.2286249070202,46.1776853207294,48.2352380952381,36.3028546802641
1150,124,109.360610256931,107.339419327217,117.886666666667,110.124938873998
1151,172,185.356104965081,175.524760294854,175.723523809524,181.713693252243
1153,122,119.299513068047,120.171891566321,120.653857142857,122.205071736776
1154,0,-0.794149568771862,2.73227788734589,-2.57419482555373e-14,0.536720101243418
1156,20,18.0722935400372,15.8031976544984,20.9998095238095,19.0204294643265
1157,127,128.676790040067,132.601391377618,134.400380952381,126.961168667053
1158,7,11.603663852127,9.11329954136577,8.2,9.85638246544827
1159,36,21.2120508719397,33.2927820061045,34.5033809523809,21.1504008431056
1160,111,98.8725677748451,111.587489580759,106.777904761905,100.429826359169
1161,113,106.260558321047,112.039110041547,109.003714285714,110.688000348129
1162,4,2.17279620124158,3.5369462474774,4.39385714285714,3.12703054329784
1163,31,34.4121419122862,33.9193034732829,32.617380952381,36.4836994475009
1164,19,21.6701374112529,20.7552878124312,21.065,21.0179764287013
1165,123,110.889769584466,110.343494351613,118.459714285714,111.058120684414
1166,52,52.5452898198383,52.8514726465646,52.8972380952381,51.6814851474567
1167,48,46.3452435744002,53.112213208198,49.165619047619,45.3752849931624
1168,82,83.4763597674966,95.8559565808036,88.1175714285714,87.0949122009187
1169,104,108.884845039378,102.587984857237,109.752142857143,107.624281153767
1170,29,28.9711767336051,26.774447128549,28.3172857142857,28.5508973686278
1171,132,175.45840301894,134.799551689376,139.488428571429,170.109056110182
1172,0,0.366249300384374,3.59548678817876,-2.5051706740799e-14,1.40076061761151
1173,8,9.00855922457865,4.78675402349979,7.66385714285715,8.09511079854735
1175,25,36.3206416964768,26.0669482158833,26.5356190476191,35.4040817324857
1176,63,62.7319982944504,75.0056090792519,72.7599047619048,61.8292016707269
1177,21,15.8034184026104,19.3557696844513,21.7980476190476,15.4905768261152
1178,33,25.5183974532782,31.6749891531925,31.8881428571429,27.2988642944304
1180,74,69.8776466304299,74.6930933820324,73.3324761904762,68.9620244082924
1182,57,40.7167781710046,57.0976692634307,57.9629047619048,43.9699893683264
1184,74,64.670079030385,66.3135508441187,70.6720952380952,63.2221699308917
1185,53,61.8447985115102,49.5262622937982,53.8690476190476,56.1119748043222
1187,79,69.3684244434771,73.2194994671122,76.1988571428572,71.3563454688944
1189,225,200.42199702483,211.096457730284,207.752142857143,196.10199822923
1190,65,76.4136793361804,82.7927045530601,77.0095238095238,75.9723528902337
1191,123,117.599261922084,124.134409253363,128.34419047619,120.185479875753
1192,0,2.11236094914752,2.26754662239916,0.0911904761904599,2.29539906303131
1193,33,42.8048816640268,35.9874694613524,34.7694285714286,42.5388648357781
1194,18,15.907619868743,13.6188179596643,16.0954285714286,16.3128525490184
1195,70,66.4880119821354,59.8020402225064,67.0723333333333,64.9363052568493
1196,27,37.4306386694828,34.3433229900357,29.9903333333333,37.9916667923864
1197,47,47.9207404045093,52.2284600530382,48.5245238095238,49.6158305869751
1199,48,49.6488116556512,49.2787473627095,49.2187619047619,51.4871870041591
1200,36,29.5302391482078,22.9624579427196,33.9922857142857,28.5852109954069
1202,99,109.873765068442,93.8616989257868,95.6658571428571,104.51245266959
1203,33,33.2638726050624,35.8959964433883,35.3498095238095,36.6873640333967
1204,81,84.3138506480005,71.9520114327202,78.2385714285714,78.6839256791787
1207,184,176.915761642637,193.889609321519,194.027904761905,181.363721407804
1209,47,45.117652922796,52.2367035112343,50.7012857142857,47.91739536609
1211,17,23.2360116231803,17.5886681059631,19.0294285714286,22.5505883522361
1212,42,35.0233158815913,46.114605702648,44.0105714285715,36.4934682235047
1213,24,25.7227797861916,24.3972458339692,25.1797619047619,26.3502377278621
1214,252,242.894003617425,250.731202032287,253.412571428572,245.921630233545
1215,66,67.0252718846004,76.8160251847359,75.8789523809524,66.6603869226339
1216,5,7.08891361076669,12.2555414078908,7.25166666666667,8.70502816997001
1217,59,72.7460294161377,78.7211437814614,71.4935238095238,73.8639470758747
1218,6,6.47926934258764,12.8299876395337,8.91376190476191,9.02215216838427
1219,74,81.127314091459,71.1215966770805,75.3345238095238,82.43497840161
1220,126,118.9657189838,120.024810498237,132.413476190476,115.131779498015
1222,16,13.0441753678418,13.5722214246958,15.0414285714286,11.8723581184968
1223,13,13.225389845157,15.1649128741449,15.4101428571429,12.935969024133
1224,151,134.891156752459,142.556815572752,144.004285714286,132.274797908457
1225,38,27.9858247080198,24.3222548171781,33.9752857142857,27.3480992364295
1226,4,0.777814196992379,8.85711822231387,4.87833333333333,2.58948837246991
1228,0,-1.06143860165187,2.45471426807153,-2.53765262771464e-14,-0.407570526387431
1230,26,35.2427764416306,36.4494422607717,28.8944285714286,33.4864556865519
1231,58,55.2733164501034,43.6868839450271,54.3747142857143,51.7834584639862
1232,0,4.40909286948691,3.40831914250639,-2.36306212692788e-14,2.66066249784635
1233,112,111.275086917249,101.241074075074,107.765380952381,109.124510414597
1234,12,11.7598780678642,16.3325354707499,13.805,8.7546958676233
1235,41,32.8754891555918,41.014855792455,41.6047142857143,34.2747964690562
1236,0,-1.02702550240051,2.54511024167352,-2.62291775600586e-14,0.330790537105855
1237,83,98.3833473874334,94.2943804521859,92.5895714285714,101.426752672776
1238,45,27.644196291799,38.0648975592964,40.4344285714286,25.4292085222704
1239,69,79.311749594798,70.8473109339366,73.0462380952381,78.8899197289159
1240,107,110.423807602137,106.803468026636,107.569666666667,112.472238665266
1241,0,-0.158993375362549,3.96419268216675,0.00428571428569289,-1.00708196437566
1242,68,67.1109359941854,69.4597220046143,67.4178095238096,70.4920080795764
1243,33,36.5882638459105,32.5224964799367,32.3798095238095,36.9383507954887
1245,20,17.6867986150611,19.9989605647161,19.0573333333333,16.6632979265594
1246,73,82.9579079937835,78.1231618041927,77.4788571428571,85.5647726228376
1247,54,54.4968598808065,61.7355340037159,56.4193333333333,56.9001891482859
1249,140,147.798878035992,137.412480981181,144.104047619048,149.39764364495
1250,106,98.9636462948023,99.9882135681572,101.695428571429,99.0553161155765
1252,16,7.84738698579182,11.0925440469773,13.2411904761905,10.4843511508089
1253,0,-0.330383430822254,3.40831914250639,-2.5620140929407e-14,-2.10719931404567
1254,0,0.225725840784184,2.54511024167352,-2.53765262771464e-14,0.606415512061218
1255,61,102.172225448718,91.0497982325284,81.3897142857143,113.29102076841
1260,25,30.4863789264647,14.6413096951833,21.0928571428571,20.1757328988812
1261,20,18.59623839426,20.3425421582547,23.0940952380952,17.3937489229532
1262,4,1.47835572153944,1.91265271594377,4.16509523809524,1.78876783915042
1263,38,45.9414671703415,45.0746805663871,41.3631904761905,43.1841947690632
1265,15,5.57872834474348,9.80012603943494,15.1393809523809,5.51574596264076
1266,134,133.897774626628,129.599835711164,123.575571428571,125.701089892588
1267,92,86.3716207865832,92.0449138481119,89.8098571428572,88.7698035866428
1270,86,79.0757227500098,69.5262222584295,80.8993333333334,75.1179191255653
1271,56,67.8809196473005,58.199010057548,59.7258571428571,69.7406375075785
1272,109,118.403764917257,110.637896917956,103.977380952381,114.481202720347
1275,35,28.7741662060258,40.4953830319203,36.9223333333333,30.8715354116947
1276,208,166.919745523499,189.940220456827,185.766714285714,166.346583239145
1279,0,1.89972296033799,3.46704492243944,-2.58231531396242e-14,5.39238500200464
1280,46,53.2915555022173,44.8899775861105,44.6492380952381,51.4952123148312
1281,70,74.601098382045,70.5187860563201,73.0584761904762,73.2237683633647
1282,39,26.9977263675641,18.7587773415052,30.6370476190476,24.0884664332104
1283,18,17.8566117137246,15.5758171653056,17.8775714285714,18.7082512977711
1285,36,41.3445568400677,43.7808350867343,39.2072380952381,42.5287388323758
1288,124,121.379625869486,117.915686700702,123.398095238095,122.739897158731
1291,50,59.4643758432929,52.3843759112959,50.4735238095238,55.9261564301211
1292,116,104.10079134584,102.675508053434,110.154666666667,104.78454377064
1294,140,132.375714376606,127.362691053533,133.564857142857,130.315294307532
1295,93,85.8299200005441,80.6399068270239,87.1944285714286,87.3285318298984
1297,12,8.39536359869887,7.3502525012341,11.9602857142857,7.5093569297951
1298,93,90.110577015256,94.6108659911346,95.2904761904762,89.9899637485683
1299,22,28.2619110887455,26.6584714748926,26.1678095238095,28.3359292345541
1300,97,85.9344082325169,91.7448051395549,96.0247142857143,83.6527263034397
1301,13,12.8637156075961,13.61525349582,13.4654285714286,12.8349949432892
1302,40,49.4720775715614,60.2271561121304,53.7185714285715,51.8860716815544
1303,155,160.70544546568,164.932850751227,159.782047619048,162.315359067205
1304,66,70.3068350951028,78.8157507997669,75.1987142857143,72.2190643602625
1305,53,48.7318782163057,58.2230328518451,55.2051428571429,54.8764817645749
1307,41,29.4033293749512,37.776268811285,40.1380476190476,29.9171158214967
1308,38,32.1969254022511,32.0092280310642,33.1715238095238,32.5024277374267
1309,25,33.9722237807421,34.5249759341553,28.1365714285714,34.5533725093042
1310,60,60.4806538041942,51.7119430684178,58.9571904761905,57.5712445152071
1311,29,30.1609495073094,29.4812825372716,30.6642380952381,30.1465949014529
1312,177,145.964370483128,168.583598621739,168.628666666667,142.666476924594
1315,57,58.6306939604555,49.2732423281076,55.4189047619048,57.5404745999223
1316,47,25.9893567367652,33.0202487196658,41.1851904761905,26.727149926381
