id,DEATHS,RLM,GBM,RF,SVM,,,,,,
1,0,-0.18 , 2.73 ,-0.00 , 3.60 , 1.37 , 1.54 ,1,1,1.366138944,0.177917024
3,79, 81.15 , 79.76 , 79.17 , 78.16 , 79.46 , 79.56 ,0,0,0,0
4,30, 26.98 , 42.15 , 33.94 , 24.53 , 30.46 , 31.90 ,1,1,0.461611251,3.01872988
5,152, 167.49 , 156.65 , 161.04 , 161.04 , 161.04 , 161.56 ,0,0,0,0
6,40, 33.87 , 30.42 , 37.26 , 33.59 , 33.73 , 33.78 ,0,0,0,0
8,83, 75.45 , 76.47 , 80.79 , 77.37 , 76.92 , 77.52 ,1,1,6.081402277,7.546364463
9,82, 95.22 , 99.13 , 87.40 , 92.86 , 94.04 , 93.65 ,0,0,0,0
10,39, 31.78 , 40.00 , 38.11 , 33.29 , 35.70 , 35.80 ,1,1,3.30022992,7.220529523
12,0, 0.96 , 2.73 , 0.01 , 3.06 , 1.84 , 1.69 ,1,1,1.8446858,0.957093713
13,43, 61.58 , 58.18 , 53.06 , 62.94 , 59.88 , 58.94 ,0,0,0,0
14,51, 45.39 , 49.10 , 48.09 , 48.37 , 48.23 , 47.74 ,1,1,2.771191598,5.614089602
15,99, 99.49 , 110.86 , 99.91 , 99.71 , 99.81 , 102.49 ,1,1,0.8064679,0.493613652
16,87, 83.71 , 77.84 , 82.48 , 82.95 , 82.72 , 81.75 ,0,0,0,0
17,176, 142.62 , 150.26 , 151.18 , 141.40 , 146.44 , 146.36 ,1,1,29.5626551,33.38122773
18,120, 140.29 , 135.71 , 131.83 , 141.91 , 138.00 , 137.44 ,0,0,0,0
22,80, 77.19 , 83.37 , 82.67 , 77.46 , 80.07 , 80.17 ,1,1,0.065512724,2.808312438
23,90, 118.84 , 98.61 , 94.79 , 118.41 , 108.51 , 107.66 ,0,0,0,0
24,89, 119.77 , 124.36 , 106.42 , 120.47 , 120.12 , 117.76 ,1,0,31.12065822,30.77139848
26,109, 100.66 , 104.36 , 110.64 , 101.58 , 102.97 , 104.31 ,1,1,6.030043226,8.338791032
27,0, 2.70 , 3.17 ,-0.00 , 5.49 , 2.94 , 2.84 ,1,1,2.935839091,2.700962518
28,22, 17.34 , 20.73 , 20.99 , 16.59 , 19.03 , 18.91 ,1,1,2.965209079,4.657278335
30,55, 57.58 , 56.99 , 56.40 , 57.29 , 57.14 , 57.07 ,0,0,0,0
31,61, 52.66 , 59.15 , 62.70 , 52.55 , 55.90 , 56.76 ,1,1,5.096097483,8.341405847
32,89, 97.68 , 94.51 , 94.38 , 93.50 , 94.44 , 95.02 ,0,0,0,0
33,77, 59.73 , 66.95 , 70.13 , 58.55 , 63.34 , 63.84 ,1,1,13.66281625,17.27422095
35,50, 52.21 , 48.32 , 49.55 , 50.98 , 50.26 , 50.27 ,0,0,0,0
36,86, 87.34 , 97.85 , 89.91 , 85.12 , 88.62 , 90.05 ,1,1,2.624398836,1.337035768
37,125, 135.41 , 127.07 , 123.72 , 123.22 , 125.40 , 127.35 ,0,0,0,0
38,77, 57.82 , 65.20 , 71.53 , 61.63 , 63.42 , 64.05 ,1,1,13.58239892,19.18170463
43,143, 150.88 , 148.73 , 156.69 , 151.46 , 151.17 , 151.94 ,1,1,8.170267024,7.884877935
44,29, 25.89 , 24.29 , 28.83 , 23.65 , 25.09 , 25.66 ,0,0,0,0
49,127, 117.80 , 119.85 , 125.18 , 119.07 , 119.46 , 120.47 ,1,1,7.539772078,9.198585036
50,30, 29.02 , 23.93 , 26.73 , 25.59 , 26.16 , 26.32 ,0,0,0,0
51,151, 137.36 , 137.06 , 140.74 , 129.27 , 137.21 , 136.11 ,0,0,0,0
53,63, 65.15 , 67.28 , 61.94 , 65.41 , 65.28 , 64.94 ,1,0,2.277269991,2.145182984
54,12, 12.36 , 10.74 , 12.01 , 10.70 , 11.38 , 11.45 ,0,0,0,0
55,0, 1.25 , 2.22 ,-0.00 , 2.14 , 1.69 , 1.40 ,1,1,1.69195721,1.245724342
56,40, 42.26 , 47.98 , 44.59 , 45.47 , 45.03 , 45.07 ,1,1,5.030905814,2.258444682
57,59, 62.08 , 65.26 , 64.41 , 64.49 , 64.45 , 64.06 ,1,1,5.454020824,3.076666537
58,6, 4.51 , 13.64 , 8.26 , 7.89 , 8.08 , 8.57 ,1,1,2.075045873,1.493951321
59,12, 33.95 , 15.54 , 16.77 , 24.11 , 20.44 , 22.59 ,0,0,0,0
60,190, 177.82 , 183.19 , 184.62 , 178.07 , 180.63 , 180.92 ,1,1,9.369963445,12.17922502
61,0, 0.61 , 2.28 , 0.00 , 0.22 , 0.42 , 0.78 ,0,1,0,0
63,125, 95.02 , 100.80 , 114.11 , 94.39 , 97.91 , 101.08 ,1,1,27.08996574,29.97747441
65,37, 32.87 , 40.38 , 37.45 , 34.63 , 36.04 , 36.33 ,1,1,0.960335448,4.130106392
66,123, 135.02 , 126.36 , 142.01 , 137.39 , 136.21 , 135.20 ,1,1,13.20947725,12.02444422
67,60, 79.94 , 76.37 , 69.17 , 82.45 , 78.16 , 76.98 ,0,0,0,0
68,23, 26.40 , 26.74 , 25.14 , 27.40 , 26.57 , 26.42 ,1,1,3.57079798,3.396967128
69,0, 1.64 , 2.73 ,-0.00 , 4.87 , 2.19 , 2.31 ,1,1,2.186924981,1.641572074
70,42, 52.03 , 42.15 , 42.36 , 53.48 , 47.20 , 47.51 ,0,0,0,0
72,44, 66.06 , 61.75 , 54.63 , 69.76 , 63.91 , 63.05 ,0,0,0,0
73,0, 36.83 , 4.03 , 0.44 , 8.36 , 6.19 , 12.42 ,0,0,0,0
74,104, 69.13 , 76.84 , 91.92 , 69.92 , 73.38 , 76.95 ,1,1,30.62092799,34.87347337
75,18, 18.71 , 14.56 , 17.75 , 18.21 , 17.98 , 17.31 ,0,0,0,0
77,179, 160.86 , 162.57 , 171.08 , 152.38 , 161.72 , 161.72 ,1,1,17.28442353,18.14234009
78,86, 63.99 , 60.91 , 74.59 , 63.15 , 63.57 , 65.66 ,0,1,0,0
79,51, 49.48 , 57.11 , 53.32 , 47.98 , 51.40 , 51.97 ,1,1,0.399422817,1.518678175
80,65, 74.40 , 91.58 , 76.41 , 74.64 , 75.53 , 79.26 ,1,1,10.52576849,9.402609862
81,10, 12.99 , 9.68 , 11.91 , 18.28 , 12.45 , 13.22 ,0,1,0,0
82,100, 107.89 , 116.08 , 107.75 , 112.74 , 110.31 , 111.12 ,1,1,10.31325561,7.88757114
83,230, 228.88 , 226.05 , 219.46 , 225.11 , 225.58 , 224.88 ,0,0,0,0
84,73, 94.55 , 104.92 , 89.17 , 98.10 , 96.33 , 96.69 ,1,1,23.32825397,21.55391976
85,25, 23.26 , 26.45 , 26.19 , 22.26 , 24.73 , 24.54 ,1,1,0.274878138,1.737756277
86,104, 89.66 , 88.39 , 91.69 , 84.28 , 89.02 , 88.50 ,0,0,0,0
87,110, 109.14 , 104.47 , 108.87 , 106.30 , 107.58 , 107.19 ,0,0,0,0
88,26, 23.40 , 24.76 , 26.95 , 24.25 , 24.50 , 24.84 ,1,1,1.496475449,2.596173156
91,62, 53.53 , 50.37 , 57.65 , 52.81 , 53.17 , 53.59 ,0,1,0,0
92,68, 68.73 , 68.97 , 69.40 , 70.89 , 69.18 , 69.50 ,1,1,1.18448298,0.731728223
93,10, 15.45 , 9.20 , 10.99 , 13.06 , 12.03 , 12.17 ,0,0,0,0
94,39, 73.70 , 67.84 , 51.18 , 74.09 , 70.77 , 66.70 ,0,0,0,0
95,78, 72.59 , 80.52 , 86.37 , 75.43 , 77.98 , 78.73 ,1,1,0.02299979,5.408731208
96,34, 35.15 , 31.58 , 33.56 , 33.56 , 33.56 , 33.46 ,0,0,0,0
97,52, 59.73 , 62.71 , 56.98 , 60.75 , 60.24 , 60.04 ,1,1,8.24210665,7.734003331
99,76, 60.79 , 65.30 , 71.13 , 63.55 , 64.43 , 65.19 ,1,1,11.5738456,15.21045662
100,50, 54.84 , 59.58 , 59.97 , 54.38 , 57.21 , 57.19 ,1,1,7.212730052,4.840822346
103,181, 185.00 , 184.02 , 178.95 , 182.76 , 183.39 , 182.68 ,0,0,0,0
104,0, 1.93 , 2.27 ,-0.00 , 1.44 , 1.69 , 1.41 ,0,0,0,0
105,13, 15.33 , 7.83 , 12.82 , 14.49 , 13.66 , 12.62 ,0,0,0,0
106,208, 214.37 , 209.93 , 204.23 , 220.73 , 212.15 , 212.31 ,0,0,0,0
107,52, 57.28 , 60.24 , 55.09 , 56.58 , 56.93 , 57.30 ,0,1,0,0
108,41, 33.41 , 53.88 , 37.06 , 33.86 , 35.46 , 39.55 ,1,1,5.536790945,7.594801968
110,66, 73.89 , 68.30 , 65.79 , 74.43 , 71.10 , 70.60 ,0,0,0,0
111,121, 148.14 , 137.68 , 127.33 , 149.32 , 142.91 , 140.62 ,0,0,0,0
112,109, 99.44 , 97.00 , 104.32 , 102.06 , 100.75 , 100.70 ,1,1,8.25350989,9.562982766
114,16, 18.83 , 13.16 , 16.04 , 17.34 , 16.69 , 16.34 ,0,0,0,0
115,10, 13.96 , 15.09 , 12.09 , 13.33 , 13.64 , 13.62 ,0,0,0,0
116,3, 9.13 , 5.79 , 4.97 , 8.65 , 7.22 , 7.14 ,0,0,0,0
118,48, 39.28 , 49.99 , 49.00 , 42.30 , 45.65 , 45.14 ,1,1,2.350737195,8.719275341
121,36, 29.02 , 26.65 , 35.63 , 27.55 , 28.28 , 29.71 ,0,1,0,0
123,157, 155.20 , 160.73 , 159.20 , 158.07 , 158.63 , 158.30 ,1,1,1.63156533,1.800679792
124,34, 28.43 , 33.62 , 33.82 , 26.71 , 31.02 , 30.64 ,1,1,2.978604121,5.574721182
125,55, 56.50 , 50.15 , 54.70 , 58.40 , 55.60 , 54.94 ,0,0,0,0
127,14, 12.41 , 14.13 , 14.29 , 11.90 , 13.27 , 13.18 ,1,1,0.730992717,1.592333668
128,83, 88.35 , 88.23 , 85.23 , 88.50 , 88.29 , 87.58 ,0,0,0,0
129,110, 122.41 , 101.06 , 107.96 , 123.61 , 115.18 , 113.76 ,0,0,0,0
130,91, 104.77 , 103.47 , 96.15 , 105.17 , 104.12 , 102.39 ,0,0,0,0
133,47, 53.25 , 51.41 , 45.96 , 53.40 , 52.33 , 51.00 ,0,0,0,0
134,15, 28.39 , 26.36 , 21.14 , 29.37 , 27.38 , 26.32 ,0,0,0,0
135,168, 130.79 , 138.10 , 143.88 , 133.61 , 135.85 , 136.59 ,1,1,32.14652242,37.21363954
136,13, 13.41 , 17.87 , 14.53 , 11.45 , 13.97 , 14.31 ,1,1,0.972488068,0.412785661
137,62, 46.73 , 55.21 , 62.81 , 48.61 , 51.91 , 53.34 ,1,1,10.08911571,15.27164353
139,24, 21.11 , 19.93 , 22.77 , 20.56 , 20.84 , 21.09 ,0,0,0,0
141,73, 91.61 , 96.09 , 84.02 , 91.83 , 91.72 , 90.88 ,1,0,18.71569605,18.60593826
142,122, 111.59 , 102.00 , 115.43 , 111.52 , 111.56 , 110.14 ,0,0,0,0
143,27, 32.43 , 39.64 , 32.12 , 33.47 , 32.95 , 34.41 ,1,1,5.946867292,5.428307425
144,54, 53.70 , 39.91 , 48.95 , 50.81 , 49.88 , 48.34 ,0,0,0,0
145,242, 188.25 , 205.71 , 206.89 , 183.62 , 196.98 , 196.12 ,1,1,45.02173979,53.74944472
146,74, 54.22 , 64.39 , 67.35 , 54.09 , 59.30 , 60.01 ,1,1,14.69590235,19.7792234
147,64, 58.17 , 55.09 , 60.18 , 56.79 , 57.48 , 57.56 ,0,0,0,0
150,33, 29.51 , 42.14 , 35.86 , 30.87 , 33.37 , 34.60 ,1,1,0.366269048,3.487875373
152,113, 85.78 , 93.37 , 105.00 , 83.05 , 89.57 , 91.80 ,1,1,23.4250432,27.22260827
156,34, 27.30 , 32.01 , 33.68 , 26.80 , 29.66 , 29.95 ,1,1,4.344367015,6.697259339
158,132, 128.28 , 122.61 , 126.85 , 126.52 , 126.68 , 126.06 ,0,0,0,0
159,241, 224.10 , 221.32 , 218.32 , 221.40 , 221.36 , 221.28 ,0,0,0,0
160,56, 65.11 , 72.83 , 65.59 , 69.22 , 67.41 , 68.19 ,1,1,11.40575103,9.10696371
161,31, 29.79 , 35.43 , 31.99 , 31.15 , 31.57 , 32.09 ,1,1,0.569566642,1.21497796
162,30, 45.95 , 45.05 , 37.64 , 47.05 , 45.50 , 43.92 ,0,0,0,0
163,77, 88.08 , 83.29 , 84.31 , 90.12 , 86.20 , 86.45 ,0,0,0,0
164,27, 10.07 , 17.11 , 18.16 , 9.33 , 13.59 , 13.67 ,1,1,13.40887274,16.9325241
166,31, 30.26 , 38.46 , 33.62 , 28.40 , 31.94 , 32.68 ,1,1,0.940893772,0.741355314
168,31, 35.75 , 31.57 , 31.36 , 36.46 , 33.66 , 33.79 ,0,0,0,0
169,39, 46.76 , 45.24 , 41.76 , 47.05 , 46.00 , 45.20 ,0,0,0,0
170,11, 10.38 , 8.73 , 12.47 , 9.86 , 10.12 , 10.36 ,0,0,0,0
171,96, 78.47 , 83.02 , 94.16 , 76.05 , 80.75 , 82.93 ,1,1,15.25368767,17.53161783
172,252, 263.13 , 259.12 , 262.41 , 256.90 , 260.76 , 260.39 ,0,0,0,0
174,85, 96.36 , 99.33 , 89.96 , 98.46 , 97.41 , 96.03 ,1,0,12.41100438,11.36130666
176,25, 29.20 , 37.97 , 30.79 , 32.19 , 31.49 , 32.54 ,1,1,6.489120291,4.202404158
177,22, 29.79 , 32.55 , 24.57 , 27.08 , 28.43 , 28.50 ,0,0,0,0
178,79, 72.07 , 74.15 , 74.46 , 72.35 , 73.25 , 73.26 ,1,1,5.749275554,6.933223731
179,56, 54.48 , 55.45 , 54.38 , 55.78 , 54.96 , 55.02 ,1,1,1.035363401,1.520847833
180,132, 118.64 , 136.36 , 129.26 , 117.25 , 123.95 , 125.38 ,1,1,8.046503848,13.35767436
181,4, 6.05 , 9.29 , 5.79 , 6.72 , 6.38 , 6.96 ,1,1,2.381992418,2.04859678
182,178, 173.85 , 166.55 , 167.37 , 170.40 , 168.89 , 169.54 ,0,0,0,0
183,15, 19.23 , 17.32 , 18.69 , 20.91 , 18.96 , 19.04 ,0,0,0,0
185,76, 56.07 , 50.87 , 62.84 , 53.23 , 54.65 , 55.75 ,0,0,0,0
186,49, 30.87 , 37.66 , 43.82 , 30.93 , 34.29 , 35.82 ,1,1,14.70637624,18.12568959
187,74, 82.97 , 85.94 , 82.21 , 81.36 , 82.59 , 83.12 ,0,1,0,0
188,28, 45.48 , 40.06 , 31.24 , 44.99 , 42.53 , 40.44 ,0,0,0,0
189,30, 25.29 , 23.97 , 27.80 , 27.13 , 26.21 , 26.04 ,1,1,3.792934163,4.711451623
191,127, 105.55 , 110.56 , 119.74 , 104.86 , 108.05 , 110.18 ,1,1,18.94599739,21.45266141
192,28, 24.16 , 18.93 , 24.40 , 24.99 , 24.28 , 23.12 ,1,0,3.71796666,3.83840951
193,13, 12.66 , 20.14 , 17.83 , 18.52 , 18.17 , 17.29 ,1,1,5.174121846,0.343716008
194,63, 60.80 , 68.61 , 66.16 , 61.13 , 63.65 , 64.18 ,1,1,0.645033946,2.195605159
195,22, 21.05 , 23.86 , 23.83 , 22.06 , 22.94 , 22.70 ,1,1,0.943173227,0.950063485
196,22, 22.16 , 19.79 , 19.18 , 21.79 , 20.79 , 20.73 ,0,0,0,0
197,22, 18.62 , 30.59 , 23.63 , 19.33 , 21.48 , 23.04 ,1,1,0.51824169,3.380935342
198,146, 170.15 , 145.57 , 158.84 , 168.32 , 163.58 , 160.72 ,0,0,0,0
199,120, 134.73 , 123.46 , 121.00 , 130.05 , 126.75 , 127.31 ,0,0,0,0
200,109, 114.79 , 103.55 , 105.92 , 114.48 , 110.20 , 109.69 ,0,0,0,0
201,48, 32.03 , 35.61 , 41.49 , 31.89 , 33.82 , 35.26 ,1,1,14.18182968,15.97379436
202,104, 90.02 , 103.03 , 103.19 , 92.66 , 97.84 , 97.22 ,1,1,6.156745482,13.98426901
203,128, 91.01 , 90.95 , 111.48 , 86.21 , 90.98 , 94.91 ,0,1,0,0
204,20, 22.44 , 23.45 , 23.06 , 23.63 , 23.26 , 23.15 ,1,1,3.255394986,2.435946223
205,63, 73.80 , 68.60 , 64.12 , 74.46 , 71.20 , 70.24 ,0,0,0,0
206,135, 136.37 , 132.97 , 132.76 , 136.73 , 134.67 , 134.71 ,0,0,0,0
207,0, 2.18 , 3.74 ,-0.00 , 5.50 , 2.96 , 2.86 ,1,1,2.961201409,2.177794277
208,31, 29.31 , 41.78 , 33.80 , 30.05 , 31.93 , 33.73 ,1,1,0.926330626,1.692402439
209,14, 15.65 , 10.75 , 13.81 , 15.96 , 14.73 , 14.04 ,0,0,0,0
210,16, 17.93 , 21.66 , 15.98 , 18.99 , 18.46 , 18.64 ,1,1,2.459763711,1.932565774
211,73, 54.58 , 62.64 , 67.46 , 55.97 , 59.31 , 60.16 ,1,1,13.69232193,18.42326592
212,37, 49.22 , 52.64 , 46.02 , 50.67 , 49.95 , 49.64 ,1,1,12.94500079,12.21585053
214,106, 116.25 , 112.98 , 105.01 , 111.49 , 112.23 , 111.43 ,0,0,0,0
215,281, 256.21 , 270.14 , 269.44 , 248.40 , 262.82 , 261.05 ,1,1,18.17784647,24.79426437
217,40, 39.41 , 40.19 , 41.05 , 40.64 , 40.41 , 40.32 ,1,1,0.41238536,0.585748536
219,99, 62.00 , 77.96 , 87.76 , 58.63 , 69.98 , 71.59 ,1,1,29.02341833,37.0030151
221,18, 15.06 , 25.28 , 21.93 , 21.51 , 21.72 , 20.94 ,1,1,3.718596858,2.936223837
223,16, 17.87 , 16.14 , 16.24 , 16.81 , 16.53 , 16.77 ,0,0,0,0
224,45, 53.66 , 55.94 , 54.03 , 57.35 , 54.98 , 55.24 ,1,1,9.983421035,8.657101122
225,87, 96.77 , 93.34 , 88.38 , 94.00 , 93.67 , 93.12 ,0,0,0,0
226,40, 31.13 , 30.00 , 36.31 , 31.01 , 31.07 , 32.11 ,0,1,0,0
227,38, 39.95 , 37.80 , 39.09 , 38.42 , 38.76 , 38.82 ,0,0,0,0
228,30, 29.50 , 28.68 , 31.01 , 30.02 , 29.76 , 29.80 ,1,1,0.242179158,0.50272671
229,135, 139.74 , 149.06 , 145.79 , 142.38 , 144.09 , 144.24 ,1,1,9.086422932,4.735839972
230,80, 65.70 , 67.74 , 72.99 , 65.03 , 66.72 , 67.86 ,1,1,13.28189448,14.30362514
231,33, 29.26 , 31.31 , 32.34 , 28.56 , 30.29 , 30.37 ,1,1,2.713386331,3.740111065
234,78, 79.38 , 76.28 , 82.91 , 83.52 , 81.15 , 80.52 ,1,1,3.148800108,1.383838312
235,53, 51.11 , 47.43 , 51.05 , 49.91 , 50.48 , 49.87 ,0,0,0,0
236,128, 143.58 , 116.18 , 132.13 , 143.32 , 137.72 , 133.80 ,0,0,0,0
238,25, 39.65 , 32.20 , 27.47 , 38.32 , 35.26 , 34.41 ,0,0,0,0
239,56, 45.83 , 39.92 , 44.95 , 44.45 , 44.70 , 43.79 ,0,0,0,0
241,19, 18.11 , 16.89 , 18.39 , 17.81 , 17.96 , 17.80 ,0,0,0,0
242,108, 143.27 , 125.53 , 120.22 , 144.91 , 134.40 , 133.48 ,0,0,0,0
244,21, 32.96 , 36.16 , 26.17 , 34.20 , 33.58 , 32.37 ,1,0,12.57877178,11.95773356
246,52, 45.49 , 53.89 , 54.23 , 45.90 , 49.89 , 49.88 ,1,1,2.107000451,6.505558942
247,65, 69.33 , 73.75 , 70.72 , 66.14 , 70.03 , 69.99 ,1,1,5.027978144,4.331289621
248,56, 55.09 , 59.99 , 57.74 , 55.18 , 56.46 , 57.00 ,1,1,0.455844337,0.910332565
249,99, 85.32 , 84.58 , 94.08 , 82.80 , 84.95 , 86.70 ,0,1,0,0
250,0,-2.68 , 3.60 ,-0.00 ,-5.50 ,-1.34 ,-1.15 ,1,1,1.342223716,2.684447431
252,127, 122.59 , 143.58 , 132.64 , 123.18 , 127.91 , 130.50 ,1,1,0.911811925,4.41122624
253,177, 147.74 , 150.63 , 158.03 , 145.95 , 149.18 , 150.58 ,1,1,27.81709487,29.261235
254,114, 85.15 , 97.32 , 106.63 , 83.66 , 91.24 , 93.19 ,1,1,22.76198534,28.84628773
255,11, 13.45 , 14.48 , 12.00 , 12.77 , 13.11 , 13.18 ,0,0,0,0
256,77, 86.66 , 87.51 , 83.11 , 84.72 , 85.69 , 85.50 ,0,0,0,0
257,182, 196.00 , 179.45 , 190.11 , 201.15 , 193.06 , 191.68 ,0,0,0,0
258,32, 28.90 , 19.35 , 29.33 , 26.50 , 27.70 , 26.02 ,0,0,0,0
259,45, 40.57 , 53.55 , 49.23 , 39.51 , 44.90 , 45.72 ,1,1,0.097872959,4.425460203
260,139, 109.02 , 123.08 , 130.07 , 108.60 , 116.05 , 117.69 ,1,1,22.94766955,29.97655753
262,48, 55.45 , 49.04 , 50.30 , 56.11 , 52.87 , 52.72 ,0,0,0,0
265,202, 170.59 , 183.07 , 187.75 , 156.62 , 176.83 , 174.51 ,1,1,25.17080586,31.40866757
267,3, 4.21 , 6.03 , 4.55 , 3.81 , 4.38 , 4.65 ,1,1,1.379123607,1.20943769
268,72, 70.02 , 68.72 , 71.73 , 69.82 , 69.92 , 70.07 ,0,1,0,0
269,0, 1.54 , 2.45 ,-0.00 , 4.60 , 2.00 , 2.15 ,1,1,1.997919101,1.541123934
270,29, 26.90 , 24.86 , 28.10 , 26.90 , 26.90 , 26.69 ,1,0,2.102840793,2.103770015
271,52, 28.34 , 35.32 , 44.95 , 29.76 , 32.54 , 34.59 ,1,1,19.46351883,23.66187296
272,0, 5.49 , 2.27 ,-0.00 , 5.19 , 3.73 , 3.24 ,0,0,0,0
273,37, 44.72 , 44.29 , 40.42 , 43.17 , 43.73 , 43.15 ,0,0,0,0
274,93, 104.76 , 97.89 , 98.36 , 108.02 , 101.56 , 102.26 ,0,0,0,0
275,70, 70.69 , 65.82 , 65.88 , 67.09 , 66.48 , 67.37 ,0,0,0,0
276,165, 173.51 , 166.27 , 171.61 , 177.63 , 172.56 , 172.26 ,0,0,0,0
277,154, 157.49 , 174.64 , 159.72 , 156.70 , 158.60 , 162.14 ,1,1,4.602914331,3.487971519
278,118, 133.79 , 138.76 , 128.66 , 134.82 , 134.30 , 134.01 ,1,1,16.30357608,15.78669784
280,93, 62.10 , 57.70 , 74.68 , 60.20 , 61.15 , 63.67 ,0,1,0,0
281,99, 68.92 , 79.17 , 90.04 , 70.07 , 74.62 , 77.05 ,1,1,24.37892261,30.07966984
282,18, 24.93 , 23.09 , 20.24 , 24.82 , 23.95 , 23.27 ,0,0,0,0
283,24, 17.31 , 20.00 , 23.18 , 17.90 , 18.95 , 19.60 ,1,1,5.05079012,6.690053701
284,114, 111.51 , 111.00 , 110.26 , 112.55 , 111.25 , 111.33 ,0,0,0,0
286,80, 57.99 , 95.06 , 83.68 , 64.10 , 73.89 , 75.21 ,1,1,6.107441443,22.00841383
287,35, 45.11 , 34.57 , 39.82 , 40.95 , 40.39 , 40.11 ,0,0,0,0
289,81, 55.04 , 70.46 , 73.36 , 53.29 , 62.75 , 63.04 ,1,1,18.24748211,25.95770931
290,123, 138.87 , 122.62 , 126.05 , 136.87 , 131.46 , 131.10 ,0,0,0,0
291,38, 50.63 , 49.79 , 43.94 , 51.38 , 50.21 , 48.93 ,0,0,0,0
292,24, 28.53 , 23.10 , 24.19 , 23.81 , 24.00 , 24.91 ,0,0,0,0
293,10, 8.20 , 10.78 , 10.62 , 7.16 , 9.41 , 9.19 ,1,1,0.589269585,1.796777265
294,41, 49.60 , 49.80 , 45.02 , 52.51 , 49.70 , 49.23 ,1,0,8.698474727,8.597612535
296,94, 107.83 , 87.04 , 99.63 , 107.83 , 103.73 , 100.58 ,0,0,0,0
297,115, 94.75 , 97.62 , 106.75 , 91.24 , 96.19 , 97.59 ,1,1,18.81066305,20.24558655
298,49, 55.09 , 58.84 , 54.10 , 53.71 , 54.59 , 55.43 ,0,1,0,0
299,35, 26.35 , 32.82 , 35.30 , 26.77 , 29.80 , 30.31 ,1,1,5.20478707,8.646243295
300,10, 14.15 , 15.34 , 12.40 , 15.31 , 14.73 , 14.30 ,1,1,4.729204449,4.149948834
301,110, 117.73 , 110.87 , 108.59 , 118.03 , 114.30 , 113.81 ,0,0,0,0
302,117, 107.84 , 116.48 , 118.50 , 111.49 , 113.99 , 113.58 ,1,1,3.012538837,9.161041509
303,18, 25.45 , 26.60 , 19.95 , 24.70 , 25.08 , 24.18 ,0,0,0,0
304,152, 132.04 , 143.81 , 139.65 , 129.92 , 135.85 , 136.36 ,1,1,16.15441431,19.9623048
305,83, 87.44 , 88.28 , 83.94 , 87.37 , 87.40 , 86.76 ,0,0,0,0
306,14, 8.68 , 9.27 , 12.29 , 9.36 , 9.32 , 9.90 ,1,1,4.683290797,5.315162613
308,114, 149.07 , 134.63 , 129.39 , 152.27 , 141.85 , 141.34 ,0,0,0,0
309,188, 174.28 , 186.46 , 179.81 , 176.22 , 178.02 , 179.19 ,1,1,9.984441163,13.71896201
311,0, 2.64 , 2.55 , 0.03 , 2.87 , 2.59 , 2.02 ,0,0,0,0
312,36, 38.11 , 36.69 , 35.95 , 37.53 , 37.11 , 37.07 ,0,0,0,0
313,37, 34.75 , 29.86 , 35.22 , 34.85 , 34.80 , 33.67 ,1,0,2.196254483,2.245894822
316,17, 22.85 , 17.28 , 16.59 , 23.00 , 20.06 , 19.93 ,0,0,0,0
317,0,-1.09 , 2.24 ,-0.00 ,-0.15 ,-0.08 , 0.25 ,1,1,0.076543491,1.08679722
318,49, 55.49 , 60.19 , 53.39 , 55.83 , 55.66 , 56.23 ,1,1,6.662531254,6.494452766
319,41, 40.99 , 51.71 , 45.73 , 41.32 , 43.52 , 44.94 ,1,1,2.521790627,0.010695119
321,11, 14.56 , 11.11 , 11.78 , 14.17 , 12.97 , 12.91 ,0,0,0,0
322,110, 106.66 , 98.47 , 104.52 , 106.12 , 105.32 , 103.94 ,0,0,0,0
323,52, 44.43 , 43.54 , 48.54 , 41.75 , 43.98 , 44.57 ,0,1,0,0
324,28, 30.85 , 30.42 , 29.34 , 33.93 , 30.64 , 31.13 ,0,1,0,0
326,7, 4.32 , 3.94 , 5.79 , 4.01 , 4.17 , 4.52 ,0,1,0,0
327,0, 2.15 , 3.74 ,-0.00 , 3.73 , 2.94 , 2.41 ,1,1,2.939826158,2.148942569
333,16, 17.55 , 17.50 , 16.96 , 19.30 , 17.53 , 17.83 ,0,1,0,0
334,88, 84.73 , 73.22 , 82.34 , 81.41 , 81.88 , 80.43 ,0,0,0,0
335,24, 30.37 , 25.71 , 25.50 , 29.77 , 27.74 , 27.84 ,0,0,0,0
337,71, 82.88 , 80.21 , 77.80 , 83.30 , 81.55 , 81.05 ,0,0,0,0
338,18, 27.03 , 31.00 , 26.15 , 28.83 , 27.93 , 28.26 ,1,1,9.932565405,9.031782675
339,90, 83.06 , 93.16 , 93.90 , 82.75 , 88.11 , 88.22 ,1,1,1.888978912,6.939449235
341,77, 106.35 , 80.51 , 86.90 , 104.16 , 95.53 , 94.48 ,0,0,0,0
342,27, 38.88 , 42.67 , 29.47 , 36.77 , 37.82 , 36.95 ,0,0,0,0
343,60, 63.71 , 56.01 , 62.18 , 63.47 , 62.82 , 61.34 ,0,0,0,0
344,63, 55.82 , 58.71 , 60.92 , 55.44 , 57.27 , 57.73 ,1,1,5.732354214,7.17641529
345,0, 1.21 , 2.45 ,-0.00 , 4.68 , 1.83 , 2.09 ,1,1,1.83301859,1.211322913
346,153, 156.50 , 145.13 , 151.02 , 157.98 , 153.76 , 152.66 ,0,0,0,0
349,24, 27.62 , 23.66 , 25.31 , 26.29 , 25.80 , 25.72 ,0,0,0,0
350,195, 173.86 , 175.63 , 185.27 , 174.38 , 175.01 , 177.29 ,1,1,19.9930814,21.14034692
351,0, 11.93 , 10.71 , 2.07 , 9.24 , 9.98 , 8.49 ,0,0,0,0
352,15, 8.88 , 15.13 , 16.66 , 9.58 , 12.36 , 12.56 ,1,1,2.643595566,6.120170992
353,139, 155.52 , 144.61 , 146.15 , 156.43 , 150.84 , 150.68 ,0,0,0,0
355,10, 11.64 , 12.97 , 10.91 , 11.87 , 11.75 , 11.85 ,1,1,1.753924007,1.63922456
356,36, 50.64 , 60.10 , 44.56 , 51.54 , 51.09 , 51.71 ,1,1,15.09241422,14.64191526
357,46, 48.03 , 46.43 , 46.65 , 51.60 , 47.34 , 48.18 ,0,1,0,0
360,139, 131.12 , 131.18 , 139.93 , 136.85 , 134.01 , 134.77 ,1,1,4.985568404,7.882867655
361,18, 23.15 , 23.03 , 22.85 , 25.72 , 23.09 , 23.69 ,0,1,0,0
362,0, 3.77 , 2.55 ,-0.00 , 4.10 , 3.16 , 2.60 ,0,0,0,0
363,43, 43.18 , 51.89 , 47.00 , 42.37 , 45.09 , 46.11 ,1,1,2.087486585,0.179877931
364,56, 68.48 , 62.27 , 58.25 , 69.44 , 65.37 , 64.61 ,0,0,0,0
367,199, 167.01 , 166.00 , 177.19 , 155.88 , 166.50 , 166.52 ,0,0,0,0
370,14, 21.42 , 14.40 , 14.41 , 21.26 , 17.83 , 17.87 ,0,0,0,0
371,44, 50.27 , 48.97 , 44.98 , 48.83 , 48.90 , 48.26 ,0,0,0,0
372,0, 1.08 , 2.41 ,-0.00 , 3.55 , 1.74 , 1.76 ,1,1,1.743142035,1.076846291
373,67, 106.23 , 100.87 , 79.64 , 108.69 , 103.55 , 98.86 ,0,0,0,0
374,30, 31.62 , 32.58 , 33.06 , 35.02 , 32.82 , 33.07 ,1,1,2.822802223,1.61823886
375,82, 72.72 , 79.77 , 80.05 , 75.24 , 77.51 , 76.94 ,1,1,4.493108574,9.279983772
377,84, 89.01 , 87.67 , 84.18 , 90.39 , 88.34 , 87.81 ,0,0,0,0
378,0, 6.13 , 2.73 ,-0.00 , 7.12 , 4.43 , 4.00 ,0,0,0,0
379,36, 33.03 , 26.39 , 32.74 , 33.47 , 32.89 , 31.41 ,0,0,0,0
382,32, 38.81 , 35.97 , 35.40 , 38.12 , 37.05 , 37.08 ,0,0,0,0
383,0, 0.61 , 2.55 ,-0.00 , 0.99 , 0.80 , 1.04 ,1,1,0.80252822,0.6138082
384,195, 185.81 , 177.78 , 185.47 , 186.29 , 185.64 , 183.84 ,0,0,0,0
385,40, 38.66 , 35.89 , 38.62 , 38.38 , 38.50 , 37.89 ,0,0,0,0
386,110, 75.22 , 66.15 , 88.58 , 71.10 , 73.16 , 75.26 ,0,1,0,0
387,137, 143.68 , 143.03 , 142.31 , 146.92 , 143.35 , 143.98 ,0,1,0,0
388,39, 46.76 , 40.03 , 39.94 , 47.08 , 43.40 , 43.45 ,0,0,0,0
389,24, 25.05 , 11.74 , 20.85 , 25.59 , 22.95 , 20.81 ,0,0,0,0
390,103, 114.94 , 111.25 , 104.63 , 108.27 , 109.76 , 109.77 ,0,0,0,0
393,44, 69.78 , 73.90 , 57.57 , 69.53 , 69.66 , 67.70 ,0,0,0,0
395,58, 75.42 , 71.83 , 66.33 , 80.43 , 73.62 , 73.50 ,0,0,0,0
396,41, 53.80 , 53.53 , 47.55 , 49.30 , 51.41 , 51.04 ,0,0,0,0
397,123, 121.65 , 124.64 , 113.94 , 116.89 , 119.27 , 119.28 ,0,0,0,0
400,75, 93.07 , 84.07 , 91.12 , 92.74 , 91.93 , 90.25 ,0,0,0,0
401,202, 204.89 , 218.27 , 207.61 , 206.90 , 207.25 , 209.42 ,1,1,5.251913225,2.887883821
402,94, 103.96 , 98.41 , 102.87 , 99.51 , 101.19 , 101.19 ,0,0,0,0
403,143, 121.42 , 129.33 , 135.93 , 119.86 , 125.37 , 126.63 ,1,1,17.62866046,21.58367297
404,131, 131.30 , 113.93 , 120.06 , 125.50 , 122.78 , 122.70 ,0,0,0,0
408,68, 69.75 , 71.65 , 71.14 , 70.74 , 70.94 , 70.82 ,1,1,2.943026697,1.747640059
409,25, 27.94 , 32.46 , 28.79 , 28.64 , 28.71 , 29.46 ,1,1,3.71240099,2.937910235
410,116, 113.18 , 115.07 , 112.74 , 114.25 , 113.72 , 113.81 ,1,1,2.281425588,2.817498094
412,27, 19.81 , 20.39 , 25.19 , 18.55 , 20.10 , 20.98 ,1,1,6.899975231,7.188910222
414,60, 65.78 , 63.42 , 61.03 , 63.91 , 63.66 , 63.53 ,0,0,0,0
415,137, 166.26 , 136.79 , 134.43 , 165.31 , 151.05 , 150.70 ,0,0,0,0
416,52, 48.50 , 41.31 , 46.80 , 47.26 , 47.03 , 45.97 ,0,0,0,0
418,142, 106.90 , 126.29 , 135.83 , 102.84 , 116.59 , 117.97 ,1,1,25.40534727,35.09965913
419,0,-0.38 , 2.27 ,-0.00 ,-0.95 ,-0.19 , 0.23 ,1,1,0.189845202,0.379690404
420,348, 336.95 , 309.02 , 314.51 , 337.44 , 325.73 , 324.48 ,0,0,0,0
421,138, 140.76 , 137.85 , 137.48 , 143.50 , 139.30 , 139.90 ,0,0,0,0
422,14, 9.36 , 8.20 , 13.12 , 10.47 , 9.91 , 10.29 ,1,1,4.086369168,4.644645149
423,220, 201.70 , 229.07 , 217.67 , 205.70 , 211.69 , 213.53 ,1,1,8.311763639,18.30435532
424,27, 19.41 , 20.39 , 25.29 , 18.73 , 19.90 , 20.95 ,1,1,7.099775424,7.589544082
425,14, 15.66 , 21.88 , 15.71 , 24.84 , 18.79 , 19.52 ,1,1,4.792926418,1.659182555
426,17, 14.07 , 25.21 , 16.81 , 12.94 , 15.44 , 17.26 ,1,1,1.559714362,2.929000152
427,82, 86.88 , 95.31 , 85.90 , 90.84 , 88.86 , 89.73 ,1,1,6.862217028,4.881990161
429,6, 10.27 , 10.90 , 7.79 , 10.44 , 10.36 , 9.85 ,1,0,4.357293329,4.270743316
430,48, 41.60 , 38.37 , 46.47 , 38.82 , 40.21 , 41.32 ,0,0,0,0
431,0,-4.51 , 2.45 ,-0.00 ,-2.02 ,-1.01 ,-1.02 ,1,1,1.011632683,4.506333476
433,0, 2.50 , 2.09 , 0.18 , 1.49 , 1.79 , 1.56 ,0,0,0,0
436,27, 24.85 , 23.19 , 26.34 , 26.17 , 25.51 , 25.14 ,1,1,1.493539357,2.154209587
437,32, 19.41 , 20.27 , 26.17 , 19.15 , 19.84 , 21.25 ,1,1,12.15692108,12.58756513
438,33, 35.23 , 22.23 , 32.71 , 33.60 , 33.16 , 30.94 ,0,0,0,0
439,118, 110.99 , 117.02 , 120.27 , 116.68 , 116.85 , 116.24 ,1,1,1.150127225,7.011008184
440,72, 80.17 , 78.66 , 76.01 , 77.47 , 78.07 , 78.08 ,0,0,0,0
442,182, 208.24 , 207.47 , 190.73 , 210.97 , 207.85 , 204.35 ,0,0,0,0
443,14, 5.99 , 13.34 , 13.47 , 5.97 , 9.67 , 9.69 ,1,1,4.333122042,8.005241365
445,29, 25.76 , 25.53 , 24.00 , 25.24 , 25.39 , 25.13 ,0,0,0,0
446,0, 3.06 , 1.81 , 0.01 , 2.73 , 2.27 , 1.90 ,0,0,0,0
447,104, 111.05 , 102.78 , 101.84 , 108.77 , 105.77 , 106.11 ,0,0,0,0
448,78, 60.46 , 54.16 , 68.35 , 54.55 , 57.51 , 59.38 ,0,0,0,0
449,19, 32.72 , 29.52 , 24.13 , 32.41 , 30.96 , 29.70 ,0,0,0,0
450,54, 57.06 , 56.77 , 54.57 , 54.25 , 55.67 , 55.66 ,0,0,0,0
451,85, 99.00 , 93.71 , 90.74 , 98.76 , 96.23 , 95.55 ,0,0,0,0
452,25, 25.86 , 21.16 , 23.49 , 25.90 , 24.67 , 24.10 ,0,0,0,0
453,0, 25.08 , 4.30 , 1.87 , 5.35 , 4.82 , 9.15 ,0,0,0,0
454,36, 58.63 , 48.34 , 42.16 , 56.27 , 52.31 , 51.35 ,0,0,0,0
456,85, 88.67 , 86.80 , 86.21 , 90.33 , 87.74 , 88.00 ,0,0,0,0
457,29, 27.72 , 30.28 , 31.96 , 28.39 , 29.34 , 29.59 ,1,1,0.335474783,1.279685605
458,110, 93.82 , 97.30 , 100.76 , 92.32 , 95.56 , 96.05 ,1,1,14.43792292,16.17991629
460,48, 42.31 , 50.43 , 48.85 , 44.08 , 46.47 , 46.42 ,1,1,1.534235984,5.694966606
461,53, 53.15 , 43.96 , 51.55 , 53.42 , 52.35 , 50.52 ,0,0,0,0
462,269, 287.26 , 281.25 , 268.90 , 295.68 , 284.25 , 283.27 ,0,0,0,0
463,176, 170.33 , 174.25 , 170.41 , 170.19 , 170.37 , 171.30 ,1,1,5.630432373,5.673959984
464,12, 9.41 , 9.77 , 13.54 , 10.66 , 10.22 , 10.85 ,1,1,1.781187243,2.594525743
465,41, 45.40 , 38.81 , 39.61 , 45.30 , 42.45 , 42.28 ,0,0,0,0
466,18, 11.94 , 18.07 , 17.93 , 11.29 , 14.94 , 14.81 ,1,1,3.064070332,6.056283521
468,102, 118.50 , 109.67 , 106.64 , 115.31 , 112.49 , 112.53 ,0,0,0,0
469,23, 22.93 , 27.50 , 24.85 , 20.50 , 23.89 , 23.94 ,1,1,0.887348662,0.074016962
470,91, 102.91 , 100.53 , 97.00 , 103.07 , 101.72 , 100.88 ,0,0,0,0
471,96, 118.36 , 107.93 , 98.25 , 113.33 , 110.63 , 109.47 ,0,0,0,0
472,30, 36.11 , 36.66 , 32.39 , 34.78 , 35.44 , 34.98 ,0,0,0,0
474,50, 41.88 , 49.49 , 48.27 , 49.08 , 48.67 , 47.18 ,1,1,1.327164442,8.116524626
475,130, 62.09 , 89.33 , 102.92 , 61.29 , 75.71 , 78.91 ,1,1,54.29255521,67.91184163
476,28, 31.37 , 35.23 , 32.87 , 26.88 , 32.12 , 31.59 ,1,1,4.121371601,3.36779082
477,25, 33.68 , 37.33 , 30.31 , 36.89 , 35.29 , 34.55 ,1,1,10.28660962,8.682496427
478,168, 151.68 , 163.21 , 168.96 , 151.13 , 157.45 , 158.75 ,1,1,10.55281453,16.31720426
480,26, 49.68 , 45.89 , 35.40 , 51.04 , 47.79 , 45.50 ,0,0,0,0
483,16, 16.90 , 15.08 , 14.77 , 15.58 , 15.33 , 15.58 ,0,0,0,0
485,84, 96.33 , 93.31 , 87.08 , 93.50 , 93.40 , 92.55 ,0,0,0,0
486,94, 105.10 , 97.48 , 98.25 , 105.42 , 101.67 , 101.56 ,0,0,0,0
487,22, 25.78 , 31.72 , 25.73 , 27.07 , 26.43 , 27.57 ,1,1,4.426161453,3.781656494
488,9, 14.75 , 17.23 , 11.47 , 14.35 , 14.55 , 14.45 ,0,0,0,0
489,24, 19.81 , 29.51 , 26.19 , 21.66 , 23.93 , 24.29 ,1,1,0.074502608,4.188911566
490,115, 135.75 , 113.35 , 110.65 , 122.18 , 117.77 , 120.48 ,0,0,0,0
491,37, 47.10 , 39.70 , 38.51 , 48.37 , 43.40 , 43.42 ,0,0,0,0
492,36, 32.42 , 32.07 , 35.00 , 31.58 , 32.25 , 32.77 ,0,1,0,0
493,40, 40.75 , 45.13 , 42.62 , 45.47 , 43.87 , 43.49 ,1,1,3.87105336,0.754003668
494,84, 97.97 , 97.06 , 86.49 , 97.80 , 97.43 , 94.83 ,0,0,0,0
495,50, 61.89 , 51.91 , 54.94 , 62.86 , 58.42 , 57.90 ,0,0,0,0
497,14, 12.45 , 9.99 , 13.62 , 10.66 , 11.56 , 11.68 ,0,0,0,0
498,177, 174.80 , 171.87 , 170.11 , 171.52 , 171.70 , 172.08 ,0,0,0,0
500,46, 55.80 , 61.06 , 50.86 , 56.40 , 56.10 , 56.03 ,1,1,10.10002619,9.798477516
501,13, 11.77 , 9.64 , 13.63 , 11.71 , 11.74 , 11.69 ,0,0,0,0
502,128, 137.93 , 129.53 , 140.75 , 143.30 , 139.34 , 137.88 ,1,0,11.33797216,9.928325272
503,9, 3.02 , 7.11 , 8.67 , 2.69 , 5.06 , 5.37 ,1,1,3.936350071,5.978394184
504,345, 337.09 , 285.58 , 275.29 , 331.61 , 308.59 , 307.39 ,0,0,0,0
505,21, 19.55 , 18.59 , 20.58 , 20.98 , 20.07 , 19.92 ,1,1,0.933686341,1.449706014
506,0, 0.49 , 3.41 ,-0.00 ,-0.63 , 0.24 , 0.82 ,0,1,0,0
507,127, 130.20 , 114.73 , 119.40 , 124.84 , 122.12 , 122.29 ,0,0,0,0
508,88, 80.46 , 88.39 , 86.72 , 82.94 , 84.83 , 84.63 ,1,1,3.171255747,7.543141731
509,113, 114.38 , 107.68 , 111.20 , 113.99 , 112.59 , 111.81 ,0,0,0,0
510,100, 100.45 , 109.29 , 104.27 , 99.98 , 102.36 , 103.50 ,1,1,2.359821165,0.446642329
511,0,-1.01 , 2.73 ,-0.00 , 1.90 , 0.95 , 0.91 ,1,1,0.951409248,1.01057024
512,82, 93.42 , 91.16 , 82.79 , 94.39 , 92.29 , 90.44 ,0,0,0,0
513,55, 50.03 , 52.10 , 58.06 , 51.42 , 51.76 , 52.91 ,1,1,3.23654595,4.965489991
514,132, 112.26 , 110.88 , 120.20 , 111.05 , 111.65 , 113.60 ,0,1,0,0
515,122, 148.76 , 123.39 , 123.25 , 143.89 , 133.64 , 134.82 ,0,0,0,0
516,70, 66.58 , 70.26 , 75.00 , 64.09 , 68.42 , 68.98 ,1,1,1.580076978,3.419585955
518,38, 41.31 , 45.56 , 43.68 , 41.76 , 42.72 , 43.08 ,1,1,4.719510068,3.305907425
520,117, 103.97 , 117.94 , 110.54 , 100.87 , 107.25 , 108.33 ,1,1,9.749360836,13.03381691
521,64, 54.44 , 54.46 , 59.75 , 53.37 , 54.45 , 55.51 ,1,1,9.54943814,9.555814471
522,226, 197.39 , 228.11 , 213.90 , 203.71 , 208.80 , 210.78 ,1,1,17.1971428,28.60969309
523,18, 12.68 , 17.40 , 15.85 , 12.51 , 14.26 , 14.61 ,1,1,3.738365661,5.323445607
524,44, 29.20 , 34.73 , 40.63 , 28.31 , 31.96 , 33.22 ,1,1,12.03629912,14.80467353
525,46, 42.17 , 36.45 , 42.75 , 40.01 , 41.09 , 40.35 ,0,0,0,0
526,137, 126.00 , 119.10 , 131.65 , 127.28 , 126.64 , 126.01 ,1,1,10.35727038,10.9952795
527,15, 20.47 , 17.82 , 17.82 , 21.07 , 19.15 , 19.29 ,0,0,0,0
528,90, 89.78 , 88.30 , 91.44 , 88.33 , 89.06 , 89.46 ,0,0,0,0
529,6, 4.89 , 6.54 , 6.98 , 4.46 , 5.72 , 5.72 ,1,1,0.280224495,1.105338949
530,91, 84.33 , 93.34 , 88.82 , 84.70 , 86.76 , 87.80 ,1,1,4.239527395,6.666552263
531,10, 6.07 , 6.19 , 9.35 , 6.72 , 6.45 , 7.08 ,1,1,3.548466083,3.934251259
532,14, 15.70 , 17.85 , 14.99 , 15.98 , 15.84 , 16.13 ,1,1,1.841733872,1.702403406
533,37, 52.34 , 58.52 , 46.18 , 55.13 , 53.73 , 53.04 ,1,1,16.7319623,15.33838613
534,29, 18.95 , 19.93 , 25.78 , 20.11 , 20.02 , 21.19 ,1,1,8.979747884,10.0545313
535,9, 13.00 , 11.62 , 10.53 , 13.74 , 12.31 , 12.22 ,0,0,0,0
537,111, 131.25 , 138.83 , 132.09 , 131.34 , 131.72 , 133.38 ,1,1,20.71816076,20.24638244
538,14, 11.73 , 10.57 , 14.99 , 10.60 , 11.17 , 11.97 ,0,1,0,0
539,49, 53.87 , 56.52 , 51.30 , 54.47 , 54.17 , 54.04 ,1,1,5.171882815,4.870480698
540,30, 29.37 , 24.77 , 28.78 , 30.32 , 29.07 , 28.31 ,0,0,0,0
542,123, 126.43 , 128.98 , 127.53 , 127.61 , 127.57 , 127.64 ,1,1,4.571914517,3.431639788
544,42, 33.87 , 33.39 , 39.26 , 35.26 , 34.56 , 35.44 ,1,1,7.436960858,8.132949416
546,112, 101.63 , 103.55 , 105.92 , 100.22 , 102.59 , 102.83 ,1,1,9.412071486,10.37100586
547,86, 92.16 , 93.71 , 93.45 , 91.89 , 92.80 , 92.80 ,1,1,6.803852925,6.159896327
549,88, 63.08 , 68.02 , 77.87 , 59.88 , 65.55 , 67.21 ,1,1,22.45274403,24.92444868
550,38, 36.39 , 34.23 , 35.26 , 34.47 , 34.86 , 35.09 ,0,0,0,0
551,38, 38.47 , 35.32 , 38.15 , 39.03 , 38.31 , 37.74 ,0,0,0,0
552,289, 234.84 , 258.53 , 252.75 , 224.59 , 243.79 , 242.68 ,1,1,45.20700089,54.16071607
553,21, 27.61 , 34.93 , 27.22 , 28.66 , 28.14 , 29.61 ,1,1,7.135662596,6.610819847
554,126, 103.43 , 127.88 , 121.57 , 104.46 , 113.01 , 114.34 ,1,1,12.98729452,22.56533832
555,68, 68.88 , 70.87 , 68.15 , 69.46 , 69.17 , 69.34 ,1,1,1.172821204,0.881262254
556,23, 21.14 , 20.53 , 23.05 , 19.66 , 20.84 , 21.10 ,0,0,0,0
557,21, 17.75 , 17.61 , 18.98 , 16.35 , 17.68 , 17.67 ,0,0,0,0
558,52, 67.95 , 60.97 , 61.18 , 67.00 , 64.09 , 64.27 ,0,0,0,0
560,85, 81.19 , 81.46 , 84.19 , 78.95 , 81.33 , 81.45 ,1,1,3.674808691,3.808139471
561,75, 63.10 , 64.29 , 70.09 , 64.75 , 64.52 , 65.56 ,1,1,10.47949089,11.89785225
562,58, 52.90 , 47.60 , 54.22 , 53.55 , 53.22 , 52.07 ,1,0,4.776585376,5.098478279
565,0, 1.57 , 2.73 ,-0.00 , 4.84 , 2.15 , 2.29 ,1,1,2.150936182,1.569594476
566,42, 37.03 , 31.83 , 36.50 , 35.91 , 36.20 , 35.32 ,0,0,0,0
567,66, 63.86 , 67.93 , 66.20 , 65.53 , 65.86 , 65.88 ,1,1,0.135824086,2.139604772
568,134, 113.17 , 111.60 , 123.71 , 114.18 , 113.68 , 115.66 ,1,1,20.3225975,20.82526762
569,51, 52.04 , 55.10 , 53.18 , 51.33 , 52.61 , 52.91 ,1,1,1.609919139,1.036933516
570,24, 26.42 , 21.93 , 24.17 , 25.77 , 24.97 , 24.57 ,0,0,0,0
571,41, 42.65 , 39.59 , 41.40 , 42.82 , 42.03 , 41.62 ,0,0,0,0
572,0,-1.01 , 3.69 ,-0.00 ,-1.27 ,-0.51 , 0.35 ,1,1,0.506803202,1.013606404
575,122, 74.55 , 96.71 , 106.87 , 70.07 , 85.63 , 87.05 ,1,1,36.37026736,47.44951337
576,14, 20.92 , 19.11 , 17.31 , 21.33 , 20.02 , 19.67 ,0,0,0,0
578,109, 118.87 , 112.82 , 111.28 , 119.75 , 115.85 , 115.68 ,0,0,0,0
579,86, 81.94 , 82.09 , 83.58 , 80.51 , 82.01 , 82.03 ,1,1,3.986180898,4.061236296
580,31, 38.03 , 40.89 , 33.25 , 34.93 , 36.48 , 36.78 ,0,0,0,0
581,12, 12.02 , 13.81 , 11.66 , 9.17 , 11.84 , 11.67 ,0,0,0,0
582,118, 105.69 , 106.06 , 110.84 , 101.48 , 105.87 , 106.01 ,1,1,12.12806125,12.31268541
585,41, 45.15 , 33.77 , 39.52 , 43.49 , 41.50 , 40.48 ,0,0,0,0
586,194, 160.21 , 179.33 , 167.90 , 155.35 , 164.06 , 165.70 ,1,1,29.94438498,33.79300806
587,31, 40.86 , 41.20 , 36.29 , 41.14 , 41.00 , 39.87 ,1,0,9.998312965,9.860658407
588,27, 32.64 , 33.33 , 31.79 , 34.21 , 32.99 , 32.99 ,1,1,5.987924265,5.644856195
589,127, 123.35 , 123.71 , 126.78 , 125.49 , 124.60 , 124.83 ,1,1,2.399241124,3.651902435
590,69, 71.94 , 91.25 , 78.26 , 74.48 , 76.37 , 78.98 ,1,1,7.372372068,2.94250815
591,108, 117.61 , 113.44 , 113.38 , 117.51 , 115.47 , 115.49 ,0,0,0,0
592,7, 17.19 , 16.00 , 10.47 , 15.79 , 15.90 , 14.86 ,0,0,0,0
593,53, 45.37 , 46.93 , 49.66 , 43.35 , 46.15 , 46.33 ,1,1,6.848598303,7.630820811
594,18, 22.03 , 19.56 , 19.67 , 21.50 , 20.58 , 20.69 ,0,0,0,0
595,75, 74.58 , 81.36 , 77.30 , 75.25 , 76.27 , 77.12 ,1,1,1.271645825,0.417961305
596,98, 95.01 , 107.69 , 100.55 , 96.55 , 98.55 , 99.95 ,1,1,0.545999705,2.99411453
597,123, 103.65 , 106.34 , 116.47 , 108.34 , 107.34 , 108.70 ,1,1,15.66144917,19.3469818
599,37, 32.65 , 28.93 , 35.54 , 31.82 , 32.24 , 32.24 ,0,0,0,0
600,62, 85.52 , 66.59 , 65.10 , 81.74 , 74.16 , 74.74 ,0,0,0,0
601,74, 73.53 , 83.81 , 78.49 , 70.41 , 76.01 , 76.56 ,1,1,2.011232673,0.466106084
602,33, 29.82 , 33.78 , 32.87 , 31.37 , 32.12 , 31.96 ,1,1,0.880853028,3.180908907
603,87, 58.57 , 60.99 , 76.08 , 56.03 , 59.78 , 62.92 ,1,1,27.22141423,28.43054407
604,48, 36.83 , 32.99 , 42.49 , 35.74 , 36.29 , 37.01 ,0,1,0,0
605,132, 131.10 , 109.49 , 120.26 , 129.52 , 124.89 , 122.59 ,0,0,0,0
606,43, 50.80 , 57.21 , 48.73 , 51.10 , 50.95 , 51.96 ,1,1,7.952601719,7.800218856
608,30, 25.17 , 22.65 , 27.75 , 23.95 , 24.56 , 24.88 ,0,0,0,0
609,156, 155.49 , 152.85 , 159.60 , 160.28 , 157.55 , 157.06 ,1,1,1.545709399,0.509200249
611,7, 8.27 , 7.69 , 7.03 , 8.99 , 7.98 , 8.00 ,0,0,0,0
612,186, 184.68 , 194.45 , 181.85 , 187.79 , 186.24 , 187.19 ,1,1,0.237379893,1.316324672
615,57, 50.68 , 53.64 , 57.55 , 49.59 , 52.16 , 52.87 ,1,1,4.837598747,6.318505428
617,66, 64.59 , 71.08 , 68.46 , 67.67 , 68.06 , 67.95 ,1,1,2.064898966,1.411521436
620,20, 27.93 , 21.13 , 21.99 , 25.26 , 23.62 , 24.08 ,0,0,0,0
622,29, 58.08 , 24.29 , 27.81 , 45.35 , 36.58 , 38.88 ,0,0,0,0
623,8, 10.39 , 14.07 , 10.70 , 11.06 , 10.88 , 11.56 ,1,1,2.882383448,2.39160843
624,118, 107.04 , 119.17 , 122.91 , 110.92 , 115.05 , 115.01 ,1,1,2.954511495,10.95988618
625,21, 20.62 , 21.51 , 20.45 , 19.49 , 20.54 , 20.52 ,0,0,0,0
627,30, 36.33 , 35.32 , 30.94 , 34.30 , 34.81 , 34.22 ,0,0,0,0
628,21, 21.82 , 20.30 , 20.10 , 20.89 , 20.60 , 20.78 ,0,0,0,0
629,209, 209.15 , 203.01 , 203.98 , 203.70 , 203.84 , 204.96 ,0,0,0,0
631,121, 141.69 , 131.05 , 129.79 , 141.07 , 136.06 , 135.90 ,0,0,0,0
632,0,-0.09 , 2.73 ,-0.00 , 3.63 , 1.37 , 1.57 ,1,1,1.366138944,0.09363892
633,152, 137.76 , 146.44 , 144.39 , 134.26 , 141.08 , 140.71 ,1,1,10.92132505,14.23603104
634,16, 7.40 , 10.60 , 13.59 , 7.41 , 9.00 , 9.75 ,1,1,6.996404539,8.599224444
635,68, 86.71 , 78.32 , 74.02 , 90.62 , 82.51 , 82.42 ,0,0,0,0
636,179, 155.60 , 152.45 , 163.88 , 152.58 , 154.09 , 156.13 ,0,1,0,0
637,22, 28.91 , 33.68 , 26.85 , 27.72 , 28.32 , 29.29 ,0,1,0,0
638,109, 112.94 , 104.10 , 106.85 , 111.77 , 109.31 , 108.91 ,0,0,0,0
640,27, 34.21 , 28.02 , 27.97 , 32.47 , 30.25 , 30.67 ,0,0,0,0
642,20, 20.49 , 23.43 , 18.94 , 21.09 , 20.79 , 20.99 ,1,1,0.790032818,0.493669482
643,147, 130.33 , 138.45 , 137.21 , 127.83 , 133.77 , 133.45 ,1,1,13.23098092,16.66739041
645,34, 49.60 , 41.47 , 37.32 , 47.60 , 44.54 , 44.00 ,0,0,0,0
646,205, 212.04 , 210.32 , 205.81 , 210.51 , 210.42 , 209.67 ,0,0,0,0
647,13, 20.55 , 18.50 , 15.92 , 19.95 , 19.23 , 18.73 ,0,0,0,0
649,33, 41.11 , 39.26 , 35.22 , 41.86 , 40.19 , 39.36 ,0,0,0,0
650,193, 224.73 , 208.73 , 200.96 , 224.54 , 216.64 , 214.74 ,0,0,0,0
651,45, 50.06 , 44.81 , 45.54 , 47.93 , 46.74 , 47.09 ,0,0,0,0
652,3, 9.53 , 9.66 , 7.87 , 8.50 , 9.01 , 8.89 ,0,0,0,0
654,23, 18.33 , 22.67 , 23.10 , 19.74 , 21.21 , 20.96 ,1,1,1.793843387,4.666389212
655,137, 156.29 , 146.87 , 152.02 , 156.46 , 154.16 , 152.91 ,0,0,0,0
656,86, 95.36 , 91.29 , 91.69 , 101.26 , 93.53 , 94.90 ,0,0,0,0
657,30, 26.86 , 30.87 , 30.52 , 26.73 , 28.69 , 28.74 ,1,1,1.311587785,3.142508904
658,0,-2.32 , 3.55 ,-0.00 ,-3.54 ,-1.16 ,-0.58 ,1,1,1.160434029,2.320868059
660,122, 149.73 , 138.34 , 138.65 , 152.67 , 144.19 , 144.85 ,0,0,0,0
661,0,-4.18 , 3.00 , 0.05 ,-5.46 ,-2.07 ,-1.65 ,1,1,2.067062843,4.180697114
662,35, 31.12 , 30.70 , 33.40 , 29.36 , 30.91 , 31.15 ,0,1,0,0
663,81, 71.89 , 64.02 , 74.36 , 72.57 , 72.23 , 70.71 ,1,0,8.767316442,9.106388806
664,197, 164.09 , 189.72 , 190.64 , 162.68 , 176.91 , 176.78 ,1,1,20.09440488,32.90948123
665,43, 43.10 , 56.72 , 52.56 , 44.63 , 48.60 , 49.25 ,1,1,5.598264903,0.100645397
666,65, 73.93 , 63.49 , 61.41 , 72.48 , 67.99 , 67.83 ,0,0,0,0
667,77, 98.45 , 89.77 , 93.69 , 100.58 , 96.07 , 95.62 ,0,0,0,0
668,146, 117.44 , 123.00 , 126.78 , 113.04 , 120.22 , 120.07 ,1,1,25.78036033,28.55683355
670,0, 1.34 , 2.22 ,-0.00 , 0.92 , 1.13 , 1.12 ,0,0,0,0
673,0, 2.14 , 3.74 ,-0.00 , 5.49 , 2.94 , 2.84 ,1,1,2.942955738,2.141302935
674,195, 191.08 , 185.44 , 185.48 , 189.53 , 187.50 , 187.88 ,0,0,0,0
676,0, 1.69 , 3.60 ,-0.00 , 0.52 , 1.10 , 1.45 ,0,0,0,0
677,126, 151.56 , 149.01 , 136.08 , 153.98 , 150.29 , 147.66 ,0,0,0,0
678,0, 2.25 , 2.27 ,-0.00 , 2.64 , 2.26 , 1.79 ,1,0,2.258563985,2.249581348
680,25, 25.03 , 22.86 , 23.78 , 25.14 , 24.40 , 24.20 ,0,0,0,0
681,12, 12.68 , 11.11 , 12.27 , 12.30 , 12.29 , 12.09 ,0,0,0,0
682,8, 9.50 , 6.99 , 9.50 , 10.50 , 9.50 , 9.12 ,1,0,1.497651616,1.49735085
683,31, 31.96 , 34.28 , 32.11 , 32.93 , 32.52 , 32.82 ,1,1,1.51775311,0.960468993
684,139, 146.70 , 139.49 , 142.80 , 146.62 , 144.71 , 143.90 ,0,0,0,0
688,30, 31.10 , 30.40 , 29.61 , 29.68 , 30.04 , 30.20 ,0,0,0,0
691,46, 43.89 , 55.00 , 46.91 , 45.20 , 46.06 , 47.75 ,1,1,0.055229158,2.107886916
693,80, 65.48 , 60.72 , 71.52 , 62.71 , 64.10 , 65.11 ,0,0,0,0
694,37, 43.02 , 39.67 , 38.53 , 42.49 , 41.08 , 40.93 ,0,0,0,0
695,52, 45.44 , 50.92 , 50.21 , 46.51 , 48.36 , 48.27 ,1,1,3.641393825,6.557010827
697,58, 53.14 , 52.88 , 56.15 , 54.41 , 53.77 , 54.14 ,1,1,4.228389002,4.864005979
698,103, 108.33 , 111.45 , 104.20 , 108.92 , 108.63 , 108.23 ,1,0,5.62571805,5.33002155
700,25, 23.20 , 26.88 , 25.26 , 23.58 , 24.42 , 24.73 ,1,1,0.581321772,1.802211991
701,32, 32.17 , 45.51 , 36.40 , 33.18 , 34.79 , 36.82 ,1,1,2.790711531,0.174226488
702,103, 100.46 , 94.55 , 99.05 , 99.88 , 99.46 , 98.48 ,0,0,0,0
703,130, 145.76 , 124.59 , 126.34 , 140.79 , 133.56 , 134.37 ,0,0,0,0
705,60, 45.02 , 52.25 , 54.13 , 46.26 , 49.26 , 49.42 ,1,1,10.74424089,14.98219675
706,0, 3.77 , 2.27 ,-0.00 , 5.51 , 3.02 , 2.89 ,0,0,0,0
708,42, 46.48 , 46.84 , 42.79 , 44.83 , 45.65 , 45.23 ,0,0,0,0
710,60, 63.16 , 58.01 , 61.23 , 64.21 , 62.19 , 61.65 ,0,0,0,0
711,0, 1.44 , 3.60 ,-0.00 ,-1.96 , 0.72 , 0.77 ,0,0,0,0
712,87, 97.14 , 100.35 , 95.05 , 99.25 , 98.19 , 97.94 ,1,1,11.19072085,10.13576033
713,66, 69.01 , 76.79 , 71.77 , 70.85 , 71.31 , 72.11 ,1,1,5.314005724,3.008451637
714,106, 88.37 , 100.20 , 102.98 , 87.35 , 94.29 , 94.73 ,1,1,11.71277973,17.62754019
716,55, 67.13 , 65.61 , 59.73 , 65.50 , 65.55 , 64.49 ,0,0,0,0
717,40, 43.22 , 46.20 , 42.37 , 43.21 , 43.22 , 43.75 ,0,1,0,0
718,89, 88.67 , 87.83 , 91.04 , 89.84 , 89.25 , 89.34 ,1,1,0.254133781,0.333232193
719,77, 110.26 , 100.78 , 86.11 , 107.59 , 104.19 , 101.19 ,0,0,0,0
720,120, 99.59 , 106.17 , 110.53 , 97.57 , 102.88 , 103.47 ,1,1,17.12032332,20.41232575
721,13, 6.22 , 13.82 , 11.90 , 6.84 , 9.37 , 9.69 ,1,1,3.631092236,6.783958647
722,13, 15.53 , 12.83 , 13.02 , 16.18 , 14.28 , 14.39 ,0,0,0,0
724,21, 15.27 , 17.25 , 18.64 , 15.05 , 16.26 , 16.55 ,1,1,4.736893935,5.727036167
726,60, 64.48 , 60.71 , 58.85 , 62.73 , 61.72 , 61.69 ,0,0,0,0
727,112, 106.69 , 121.27 , 111.21 , 106.53 , 108.95 , 111.42 ,1,1,3.051012982,5.310025964
728,91, 83.91 , 95.00 , 90.37 , 84.85 , 87.61 , 88.53 ,1,1,3.387595736,7.094262151
731,7, 19.29 , 13.39 , 8.42 , 16.37 , 14.88 , 14.37 ,0,0,0,0
732,80, 66.24 , 80.35 , 82.08 , 69.13 , 74.74 , 74.45 ,1,1,5.259158302,13.75604834
733,46, 47.18 , 42.31 , 44.65 , 47.41 , 45.92 , 45.39 ,0,0,0,0
734,39, 28.63 , 30.83 , 34.89 , 31.90 , 31.37 , 31.57 ,1,1,7.632057179,10.36846348
735,21, 25.92 , 28.17 , 23.46 , 27.35 , 26.63 , 26.22 ,1,1,5.63019703,4.915333584
736,11, 13.24 , 17.60 , 14.97 , 13.30 , 14.14 , 14.78 ,1,1,3.135376849,2.2440375
737,31, 26.05 , 32.93 , 28.83 , 25.93 , 27.44 , 28.44 ,1,1,3.559722073,4.950539385
739,114, 113.62 , 113.45 , 115.12 , 115.11 , 114.37 , 114.33 ,1,1,0.367269858,0.376950504
740,24, 27.13 , 31.76 , 28.91 , 29.20 , 29.06 , 29.25 ,1,1,5.055967657,3.125685894
742,87, 76.73 , 70.26 , 74.51 , 77.46 , 75.62 , 74.74 ,0,0,0,0
744,82, 96.04 , 96.55 , 88.48 , 95.08 , 95.56 , 94.04 ,0,0,0,0
745,51, 48.71 , 50.15 , 51.02 , 47.35 , 49.43 , 49.31 ,1,1,1.569954216,2.292813871
746,37, 33.11 , 32.36 , 34.17 , 31.15 , 32.73 , 32.70 ,0,0,0,0
747,15, 14.06 , 17.81 , 15.62 , 14.84 , 15.23 , 15.58 ,1,1,0.229973671,0.936767849
754,36, 32.63 , 36.48 , 36.82 , 33.30 , 34.89 , 34.81 ,1,1,1.108499941,3.373328012
755,0, 0.02 , 2.73 ,-0.00 , 2.87 , 1.38 , 1.41 ,1,1,1.375486889,0.018695891
757,85, 89.16 , 90.21 , 86.67 , 89.22 , 89.19 , 88.81 ,1,0,4.186336686,4.155385154
758,38, 35.71 , 27.87 , 36.87 , 33.20 , 34.45 , 33.41 ,0,0,0,0
759,17, 30.28 , 26.04 , 20.63 , 31.29 , 28.16 , 27.06 ,0,0,0,0
760,8, 18.68 , 10.65 , 8.01 , 16.47 , 13.56 , 13.45 ,0,0,0,0
761,0,-0.17 , 2.45 ,-0.00 , 3.62 , 1.23 , 1.48 ,1,1,1.227357134,0.167414463
762,86, 78.76 , 78.80 , 81.65 , 78.91 , 78.85 , 79.53 ,1,1,7.145252722,7.24226582
765,97, 86.34 , 89.62 , 93.31 , 85.08 , 87.98 , 88.59 ,1,1,9.021725582,10.65927614
766,28, 31.81 , 31.28 , 30.65 , 31.50 , 31.39 , 31.31 ,0,0,0,0
767,42, 37.98 , 32.00 , 39.45 , 38.12 , 38.05 , 36.89 ,1,0,3.951453177,4.021289041
768,217, 203.99 , 209.24 , 201.56 , 198.85 , 202.77 , 203.41 ,0,0,0,0
769,19, 26.15 , 19.43 , 21.44 , 26.88 , 23.79 , 23.47 ,0,0,0,0
770,182, 160.53 , 177.38 , 178.77 , 168.81 , 173.09 , 171.37 ,1,1,8.905342149,21.46507145
771,3, 1.20 , 1.81 , 2.26 , 1.08 , 1.51 , 1.59 ,1,1,1.493703701,1.79849691
772,90, 86.46 , 85.15 , 89.35 , 82.72 , 85.80 , 85.92 ,0,0,0,0
773,126, 104.54 , 105.61 , 113.56 , 100.89 , 105.08 , 106.15 ,1,1,20.92368205,21.45942383
774,53, 53.95 , 57.20 , 52.33 , 51.98 , 53.14 , 53.86 ,0,0,0,0
776,106, 100.43 , 98.78 , 99.68 , 102.69 , 100.05 , 100.39 ,0,0,0,0
778,45, 50.78 , 50.97 , 47.62 , 51.71 , 50.87 , 50.27 ,1,0,5.873901594,5.78162807
779,84, 99.28 , 98.37 , 88.32 , 98.55 , 98.46 , 96.13 ,0,0,0,0
780,63, 68.60 , 69.70 , 67.02 , 69.74 , 69.15 , 68.77 ,1,1,6.15279032,5.603689781
781,100, 92.66 , 99.72 , 99.52 , 94.50 , 97.01 , 96.60 ,1,1,2.988743873,7.342800523
782,72, 63.17 , 61.97 , 66.26 , 60.97 , 62.57 , 63.09 ,0,0,0,0
785,52, 84.91 , 55.64 , 54.09 , 64.18 , 59.91 , 64.70 ,0,0,0,0
786,117, 119.94 , 114.79 , 122.14 , 120.04 , 119.99 , 119.23 ,1,0,2.988589553,2.937312157
788,129, 103.70 , 111.09 , 114.50 , 100.81 , 107.40 , 107.53 ,1,1,21.60338039,25.29959083
790,3, 9.91 , 12.92 , 6.42 , 9.24 , 9.58 , 9.62 ,0,0,0,0
791,8, 7.51 , 7.60 , 7.61 , 6.64 , 7.56 , 7.34 ,1,0,0.444665772,0.492274122
792,107, 117.43 , 110.11 , 110.15 , 123.56 , 113.79 , 115.31 ,0,0,0,0
793,57, 57.59 , 59.32 , 63.22 , 59.83 , 59.57 , 59.99 ,1,1,2.57483306,0.592604593
794,77, 98.49 , 87.75 , 81.42 , 86.91 , 87.33 , 88.64 ,0,0,0,0
795,41, 36.62 , 34.12 , 40.09 , 37.56 , 37.09 , 37.10 ,1,1,3.905752838,4.375062103
797,17, 18.45 , 18.47 , 18.25 , 16.90 , 18.35 , 18.02 ,0,0,0,0
798,38, 44.81 , 37.34 , 37.18 , 42.74 , 40.04 , 40.52 ,0,0,0,0
800,304, 260.19 , 292.91 , 283.41 , 255.77 , 271.80 , 273.07 ,1,1,32.1998627,43.81377302
801,61, 49.96 , 47.13 , 54.82 , 50.09 , 50.02 , 50.50 ,1,1,10.97518454,11.03772825
802,86, 83.50 , 83.47 , 86.37 , 80.68 , 83.48 , 83.51 ,0,1,0,0
803,50, 43.01 , 38.34 , 47.94 , 43.41 , 43.21 , 43.17 ,1,1,6.79307845,6.994553833
806,168, 165.47 , 164.94 , 166.68 , 163.85 , 165.21 , 165.24 ,0,0,0,0
808,90, 68.83 , 70.05 , 81.35 , 69.55 , 69.80 , 72.44 ,1,1,20.20370687,21.1657302
810,89, 84.07 , 76.72 , 82.26 , 80.40 , 81.33 , 80.86 ,0,0,0,0
812,49, 50.12 , 49.26 , 49.21 , 45.07 , 49.24 , 48.42 ,0,0,0,0
813,74, 68.04 , 73.55 , 77.28 , 71.91 , 72.73 , 72.69 ,1,1,1.272599226,5.964749107
816,149, 154.49 , 156.44 , 159.40 , 154.51 , 155.47 , 156.21 ,1,1,6.471190798,5.494871745
817,36, 28.16 , 29.46 , 33.54 , 27.18 , 28.81 , 29.58 ,1,1,7.190061862,7.836007657
819,62, 60.66 , 70.62 , 66.97 , 63.94 , 65.45 , 65.54 ,1,1,3.453308307,1.344796001
820,14, 22.20 , 16.45 , 16.25 , 21.20 , 18.83 , 19.02 ,0,0,0,0
822,18, 15.05 , 19.87 , 18.63 , 14.67 , 16.84 , 17.06 ,1,1,1.156026455,2.945195767
823,54, 54.77 , 59.50 , 54.46 , 57.88 , 56.33 , 56.65 ,1,1,2.325009632,0.771971363
824,7, 16.67 , 16.24 , 10.08 , 14.76 , 15.50 , 14.44 ,0,0,0,0
826,5, 3.13 , 6.09 , 6.25 , 4.35 , 5.22 , 4.95 ,1,1,0.22076877,1.869832311
827,93, 100.71 , 95.13 , 94.88 , 103.54 , 97.92 , 98.57 ,0,0,0,0
828,190, 168.98 , 162.89 , 169.59 , 165.85 , 167.42 , 166.83 ,0,0,0,0
830,27, 32.58 , 22.49 , 28.35 , 33.74 , 30.46 , 29.29 ,0,0,0,0
831,43, 50.42 , 52.87 , 47.56 , 51.54 , 50.98 , 50.60 ,1,1,7.980817853,7.420791718
832,92, 115.49 , 99.49 , 98.97 , 115.76 , 107.49 , 107.43 ,0,0,0,0
833,24, 28.66 , 27.70 , 25.70 , 30.14 , 28.18 , 28.05 ,0,0,0,0
834,20, 19.95 , 25.56 , 22.89 , 15.29 , 21.42 , 20.92 ,1,1,1.418581784,0.052979288
835,45, 48.58 , 45.28 , 44.05 , 46.54 , 45.91 , 46.11 ,0,0,0,0
840,31, 23.75 , 24.93 , 28.02 , 24.45 , 24.69 , 25.29 ,1,1,6.310416348,7.247231158
841,92, 76.98 , 74.76 , 83.61 , 74.69 , 75.87 , 77.51 ,0,1,0,0
842,0, 1.44 , 4.89 ,-0.00 , 2.88 , 2.16 , 2.30 ,1,1,2.157402151,1.436575936
843,8, 18.39 , 18.82 , 11.91 , 12.10 , 15.24 , 15.30 ,0,0,0,0
845,145, 137.53 , 129.43 , 135.49 , 140.15 , 136.51 , 135.65 ,0,0,0,0
846,146, 131.77 , 152.16 , 142.88 , 137.13 , 140.00 , 140.99 ,1,1,5.995230573,14.22714336
847,90, 84.42 , 100.72 , 93.66 , 84.29 , 89.04 , 90.77 ,1,1,0.959194915,5.575151735
848,30, 42.95 , 50.37 , 38.88 , 43.21 , 43.08 , 43.85 ,1,1,13.0784728,12.94511319
849,15, 15.67 , 7.63 , 14.05 , 15.25 , 14.65 , 13.15 ,0,0,0,0
850,31, 43.62 , 49.83 , 39.44 , 46.91 , 45.26 , 44.95 ,1,1,14.26241633,12.61867077
851,52, 48.26 , 50.75 , 49.99 , 45.63 , 49.13 , 48.66 ,1,1,2.872352804,3.736086561
852,0, 7.17 , 5.75 , 3.65 , 6.26 , 6.00 , 5.71 ,0,0,0,0
853,5, 4.30 , 8.30 , 6.76 , 3.95 , 5.53 , 5.83 ,1,1,0.5296034,0.701221772
856,24, 20.03 , 23.04 , 22.34 , 20.15 , 21.25 , 21.39 ,1,1,2.754649704,3.967286852
858,37, 35.92 , 32.66 , 36.51 , 38.31 , 36.21 , 35.85 ,1,0,0.78658439,1.080549731
859,66, 53.50 , 56.57 , 60.83 , 53.54 , 55.06 , 56.11 ,1,1,10.94276286,12.4955616
860,48, 38.88 , 33.14 , 43.72 , 37.82 , 38.35 , 38.39 ,0,0,0,0
861,90, 86.18 , 84.41 , 90.13 , 82.70 , 85.30 , 85.85 ,0,0,0,0
863,84, 62.23 , 61.79 , 71.93 , 61.26 , 62.01 , 64.30 ,0,1,0,0
864,32, 27.46 , 25.91 , 29.74 , 27.74 , 27.60 , 27.71 ,1,1,4.400392093,4.540126747
865,74, 77.40 , 76.12 , 74.57 , 77.28 , 76.70 , 76.34 ,0,0,0,0
866,104, 96.31 , 99.95 , 103.93 , 103.27 , 101.61 , 100.87 ,1,1,2.389121299,7.692089484
868,0,-0.49 , 4.89 , 0.02 , 0.52 , 0.27 , 1.23 ,1,1,0.267601142,0.492495411
869,101, 67.56 , 70.98 , 86.66 , 66.55 , 69.27 , 72.94 ,1,1,31.73211296,33.44309038
871,67, 75.69 , 70.91 , 67.04 , 78.17 , 73.30 , 72.95 ,0,0,0,0
873,143, 124.23 , 106.44 , 123.66 , 117.84 , 120.75 , 118.04 ,0,0,0,0
874,52, 48.16 , 45.97 , 49.20 , 47.28 , 47.72 , 47.65 ,0,0,0,0
875,46, 45.73 , 46.25 , 45.62 , 44.57 , 45.68 , 45.54 ,0,0,0,0
877,125, 94.13 , 111.78 , 117.57 , 95.19 , 103.49 , 104.67 ,1,1,21.51265933,30.8735097
880,13, 7.27 , 9.99 , 12.59 , 8.39 , 9.19 , 9.56 ,1,1,3.80693735,5.726457993
881,47, 43.60 , 58.16 , 54.34 , 46.03 , 50.19 , 50.53 ,1,1,3.18548334,3.402662422
884,91, 76.44 , 89.38 , 91.07 , 79.92 , 84.65 , 84.20 ,1,1,6.350770958,14.56114123
885,77, 77.42 , 83.09 , 79.24 , 78.54 , 78.89 , 79.57 ,1,1,1.88767694,0.42264775
887,29, 12.30 , 15.87 , 21.58 , 12.28 , 14.08 , 15.51 ,1,1,14.91749814,16.70267136
889,216, 190.26 , 209.25 , 200.92 , 191.44 , 196.18 , 197.97 ,1,1,19.81969888,25.73629017
890,13, 11.60 , 10.57 , 12.66 , 10.94 , 11.27 , 11.44 ,0,0,0,0
891,51, 46.36 , 47.10 , 50.85 , 45.57 , 46.73 , 47.47 ,1,1,4.273726532,4.644237514
892,39, 49.58 , 44.14 , 40.35 , 47.02 , 45.58 , 45.27 ,0,0,0,0
893,138, 198.79 , 160.75 , 157.41 , 203.36 , 179.77 , 180.08 ,0,0,0,0
894,116, 126.21 , 117.17 , 119.63 , 127.67 , 122.92 , 122.67 ,0,0,0,0
896,76, 62.42 , 72.56 , 73.87 , 63.98 , 68.27 , 68.21 ,1,1,7.728558973,13.57785359
897,0, 1.09 , 2.73 ,-0.00 , 1.79 , 1.44 , 1.40 ,1,1,1.438683475,1.091491321
898,0,-0.33 , 2.45 ,-0.00 , 2.01 , 1.00 , 1.03 ,1,1,1.004511232,0.332868892
899,56, 63.43 , 59.56 , 53.90 , 62.58 , 61.07 , 59.87 ,0,0,0,0
901,3, 6.37 , 7.97 , 4.58 , 5.08 , 5.73 , 6.00 ,0,0,0,0
902,42, 23.75 , 42.37 , 39.86 , 30.07 , 34.97 , 34.01 ,1,1,7.034352107,18.25409927
903,139, 147.93 , 144.47 , 144.74 , 153.24 , 146.33 , 147.59 ,0,0,0,0
904,112, 87.77 , 81.10 , 96.68 , 83.75 , 85.76 , 87.32 ,0,0,0,0
906,88, 86.21 , 83.74 , 85.16 , 88.67 , 85.69 , 85.95 ,0,0,0,0
907,158, 138.37 , 134.96 , 147.31 , 139.41 , 138.89 , 140.01 ,1,1,19.10823053,19.62631736
908,48, 49.98 , 48.95 , 48.39 , 49.20 , 49.07 , 49.13 ,0,0,0,0
909,11, 11.53 , 16.19 , 12.46 , 10.02 , 11.99 , 12.55 ,1,1,0.99097387,0.526804882
910,59, 59.44 , 60.03 , 61.70 , 58.53 , 59.73 , 59.93 ,1,1,0.733761704,0.437312059
911,15, 5.64 , 6.45 , 13.49 , 5.79 , 6.12 , 7.84 ,1,1,8.881147655,9.359850828
912,33, 30.80 , 30.16 , 31.52 , 34.56 , 31.16 , 31.76 ,1,1,1.838429099,2.200429626
913,52, 52.18 , 41.44 , 47.55 , 50.67 , 49.11 , 47.96 ,0,0,0,0
914,33, 34.79 , 41.93 , 35.97 , 37.57 , 36.77 , 37.57 ,1,1,3.768220791,1.794054012
915,97, 92.70 , 88.91 , 85.27 , 88.77 , 88.84 , 88.91 ,0,0,0,0
916,103, 78.14 , 93.79 , 95.40 , 77.87 , 85.96 , 86.30 ,1,1,17.03518784,24.8642189
917,49, 56.21 , 56.25 , 51.36 , 56.73 , 56.23 , 55.14 ,1,0,7.230272664,7.214257451
918,106, 93.27 , 102.16 , 102.71 , 94.92 , 98.54 , 98.27 ,1,1,7.457615162,12.73073823
919,14, 19.41 , 19.72 , 15.05 , 20.25 , 19.57 , 18.61 ,1,0,5.565852802,5.408676143
920,66, 65.44 , 67.62 , 68.62 , 65.32 , 66.53 , 66.75 ,1,1,0.528650533,0.561791256
921,198, 194.35 , 201.68 , 189.15 , 193.25 , 193.80 , 194.61 ,0,1,0,0
922,0, 4.67 , 2.55 , 1.13 , 5.51 , 3.61 , 3.46 ,0,0,0,0
923,8, 7.66 , 9.68 , 9.18 , 7.95 , 8.56 , 8.62 ,1,1,0.563052045,0.341029953
924,45, 38.74 , 31.73 , 40.94 , 38.94 , 38.84 , 37.59 ,1,0,6.159502608,6.260694768
928,48, 47.70 , 44.97 , 44.57 , 49.27 , 46.33 , 46.63 ,0,0,0,0
929,155, 161.39 , 157.39 , 154.06 , 161.30 , 159.34 , 158.53 ,0,0,0,0
930,39, 31.06 , 33.60 , 36.59 , 30.23 , 32.33 , 32.87 ,1,1,6.665603586,7.935173623
931,32, 35.15 , 40.51 , 34.47 , 36.40 , 35.77 , 36.63 ,1,1,3.77082886,3.145289107
932,26, 19.00 , 30.60 , 28.03 , 19.00 , 23.52 , 24.16 ,1,1,2.483813934,6.995913582
933,24, 14.14 , 24.49 , 25.63 , 14.79 , 19.64 , 19.76 ,1,1,4.358182049,9.864451475
934,96, 122.17 , 118.75 , 116.22 , 125.00 , 120.46 , 120.53 ,0,0,0,0
935,50, 55.79 , 54.70 , 52.88 , 55.53 , 55.12 , 54.73 ,0,0,0,0
936,126, 113.50 , 102.29 , 116.85 , 107.07 , 110.29 , 109.93 ,0,0,0,0
937,21, 17.27 , 18.50 , 20.00 , 16.95 , 17.89 , 18.18 ,1,1,3.112269258,3.725942024
938,37, 33.74 , 31.67 , 36.30 , 34.29 , 34.01 , 34.00 ,1,1,2.986185349,3.263766174
940,184, 194.76 , 194.87 , 182.45 , 197.33 , 194.81 , 192.35 ,1,0,10.81461589,10.76215365
941,77, 87.40 , 83.05 , 81.19 , 86.81 , 84.93 , 84.61 ,0,0,0,0
942,185, 194.91 , 200.57 , 192.64 , 201.22 , 197.74 , 197.34 ,1,1,12.74386505,9.913580936
943,49, 59.83 , 59.59 , 53.82 , 58.27 , 58.93 , 57.88 ,0,0,0,0
946,68, 101.63 , 95.64 , 84.51 , 102.47 , 98.64 , 96.06 ,0,0,0,0
947,0, 1.46 , 2.73 ,-0.00 , 4.18 , 2.10 , 2.09 ,1,1,2.098142704,1.464007522
948,130, 120.12 , 113.93 , 115.66 , 120.39 , 117.89 , 117.53 ,0,0,0,0
949,46, 54.32 , 44.77 , 46.63 , 54.15 , 50.39 , 49.97 ,0,0,0,0
950,22, 22.27 , 26.18 , 25.09 , 21.45 , 23.68 , 23.75 ,1,1,1.678911239,0.265870097
951,14, 4.22 , 9.76 , 12.15 , 1.98 , 6.99 , 7.03 ,1,1,7.006786844,9.778007315
952,18, 18.42 , 19.55 , 18.72 , 16.78 , 18.57 , 18.37 ,1,0,0.568472858,0.419802858
953,45, 49.81 , 50.57 , 47.70 , 50.73 , 50.19 , 49.70 ,1,0,5.188315238,4.805129713
954,16, 7.36 , 14.20 , 17.29 , 6.64 , 10.78 , 11.37 ,1,1,5.220665866,8.638004232
955,29, 31.55 , 27.86 , 29.90 , 30.22 , 30.06 , 29.89 ,0,0,0,0
957,57, 59.83 , 62.33 , 59.04 , 59.64 , 59.74 , 60.21 ,0,1,0,0
958,117, 140.65 , 140.27 , 136.07 , 138.65 , 139.46 , 138.91 ,0,0,0,0
959,95, 88.86 , 95.83 , 93.23 , 89.71 , 91.47 , 91.91 ,1,1,3.531384458,6.143858823
960,88, 79.67 , 85.07 , 85.59 , 75.94 , 82.37 , 81.57 ,1,1,5.630422658,8.332562642
961,0,-0.74 , 3.41 ,-0.00 ,-2.58 ,-0.37 , 0.02 ,1,1,0.369000231,0.738000462
962,0,-0.47 , 2.22 ,-0.00 ,-0.74 ,-0.24 , 0.25 ,1,1,0.236871351,0.473742703
965,80, 83.01 , 89.66 , 90.13 , 85.47 , 87.57 , 87.07 ,1,1,7.566215963,3.008872284
966,61, 53.59 , 61.79 , 60.69 , 53.43 , 57.14 , 57.38 ,1,1,3.86048663,7.407211355
967,6, 15.11 , 11.94 , 5.64 , 12.69 , 12.32 , 11.35 ,0,0,0,0
968,0,-0.46 , 2.73 ,-0.00 , 0.34 , 0.17 , 0.65 ,1,1,0.168418834,0.464256803
969,38, 34.93 , 46.18 , 39.60 , 38.52 , 39.06 , 39.81 ,1,1,1.060106999,3.073258423
970,19, 15.22 , 19.65 , 18.50 , 15.08 , 16.86 , 17.11 ,1,1,2.139931479,3.777482006
971,35, 32.00 , 31.49 , 32.60 , 29.49 , 31.74 , 31.39 ,0,0,0,0
972,103, 124.79 , 117.50 , 122.01 , 126.63 , 123.40 , 122.73 ,0,0,0,0
974,70, 67.12 , 50.89 , 63.57 , 64.50 , 64.03 , 61.52 ,0,0,0,0
975,26, 25.12 , 28.30 , 27.47 , 24.77 , 26.30 , 26.42 ,1,1,0.296142446,0.87714368
976,156, 156.20 , 151.90 , 148.73 , 155.90 , 153.90 , 153.18 ,0,0,0,0
977,43, 40.83 , 44.35 , 42.73 , 43.16 , 42.95 , 42.77 ,1,1,0.053837415,2.168953877
979,31, 32.85 , 41.19 , 37.22 , 32.55 , 35.04 , 35.95 ,1,1,4.037229816,1.853650109
980,80, 51.88 , 58.23 , 70.97 , 52.58 , 55.40 , 58.42 ,1,1,24.59560265,28.11739445
981,87, 90.48 , 93.03 , 89.28 , 90.63 , 90.56 , 90.86 ,1,1,3.558671312,3.484025846
984,9, 13.77 , 11.18 , 10.47 , 13.13 , 12.15 , 12.14 ,0,0,0,0
985,183, 160.10 , 179.03 , 170.02 , 163.19 , 166.61 , 168.09 ,1,1,16.39315613,22.90336823
986,47, 41.11 , 30.54 , 40.36 , 40.10 , 40.23 , 38.03 ,0,0,0,0
987,36, 31.26 , 37.01 , 38.44 , 32.27 , 34.64 , 34.75 ,1,1,1.358094807,4.741344945
989,157, 163.78 , 153.55 , 161.26 , 165.14 , 162.52 , 160.93 ,0,0,0,0
990,9, 15.04 , 9.41 , 8.91 , 18.11 , 12.22 , 12.87 ,0,0,0,0
991,98, 103.09 , 100.60 , 101.69 , 105.08 , 102.39 , 102.61 ,0,0,0,0
993,123, 124.60 , 133.73 , 128.77 , 126.52 , 127.64 , 128.41 ,1,1,4.642981184,1.604156253
994,25, 21.28 , 25.23 , 25.40 , 20.93 , 23.26 , 23.21 ,1,1,1.74229365,3.716225379
995,15, 11.45 , 14.40 , 14.55 , 12.00 , 13.20 , 13.10 ,1,1,1.799815226,3.545895195
999,27, 32.67 , 30.19 , 33.80 , 32.81 , 32.74 , 32.37 ,1,0,5.739386875,5.666355267
1002,39, 42.04 , 35.72 , 37.98 , 42.50 , 40.01 , 39.56 ,0,0,0,0
1003,31, 29.75 , 26.56 , 29.43 , 28.85 , 29.14 , 28.65 ,0,0,0,0
1004,92, 135.17 , 103.11 , 105.37 , 133.81 , 119.59 , 119.36 ,0,0,0,0
1005,91, 102.55 , 96.81 , 93.03 , 99.72 , 98.27 , 98.03 ,0,0,0,0
1007,93, 77.51 , 88.66 , 91.76 , 76.26 , 83.08 , 83.54 ,1,1,9.916766779,15.49097956
1008,174, 140.18 , 142.68 , 163.03 , 141.34 , 142.01 , 146.81 ,1,1,31.98941647,33.81511296
1009,179, 183.49 , 188.19 , 181.40 , 182.94 , 183.21 , 184.00 ,0,1,0,0
1010,39, 39.49 , 39.61 , 39.70 , 40.10 , 39.66 , 39.73 ,1,1,0.659188983,0.487041711
1011,36, 35.74 , 30.25 , 34.80 , 34.82 , 34.81 , 33.90 ,0,0,0,0
1012,112, 110.78 , 111.03 , 112.07 , 111.19 , 111.11 , 111.27 ,1,1,0.886545743,1.221133894
1013,71, 67.19 , 76.70 , 74.36 , 70.05 , 72.21 , 72.08 ,1,1,1.207219739,3.814994809
1014,8, 10.57 , 9.11 , 9.71 , 8.38 , 9.41 , 9.44 ,0,0,0,0
1015,229, 214.65 , 217.02 , 207.02 , 212.69 , 213.67 , 212.85 ,0,0,0,0
1016,0,-2.84 , 2.45 ,-0.00 ,-0.07 ,-0.04 ,-0.11 ,1,1,0.035830217,2.839458957
1017,13, 26.39 , 20.70 , 16.32 , 23.39 , 22.05 , 21.70 ,0,0,0,0
1018,111, 92.13 , 89.02 , 95.89 , 87.52 , 90.57 , 91.14 ,0,0,0,0
1019,198, 199.80 , 197.84 , 206.37 , 198.67 , 199.24 , 200.67 ,0,1,0,0
1020,78, 72.78 , 78.40 , 75.77 , 73.99 , 74.88 , 75.24 ,1,1,3.120777061,5.220973001
1021,113, 124.12 , 120.42 , 113.38 , 126.47 , 122.27 , 121.10 ,0,0,0,0
1024,44, 33.18 , 41.28 , 40.73 , 31.55 , 36.96 , 36.68 ,1,1,7.043308773,10.81618897
1027,33, 47.68 , 42.59 , 40.14 , 46.42 , 44.50 , 44.21 ,0,0,0,0
1028,33, 26.08 , 36.70 , 33.45 , 25.82 , 29.77 , 30.51 ,1,1,3.233279888,6.915893109
1029,47, 34.48 , 35.84 , 43.51 , 33.80 , 35.16 , 36.91 ,1,1,11.83570656,12.51597827
1031,16, 17.51 , 18.52 , 17.90 , 17.54 , 17.72 , 17.87 ,1,1,1.720731484,1.508416891
1033,12, 12.59 , 19.63 , 14.99 , 12.73 , 13.86 , 14.99 ,1,1,1.858268251,0.594110879
1034,78, 72.92 , 66.70 , 72.53 , 67.46 , 70.00 , 69.90 ,0,0,0,0
1035,45, 47.61 , 59.72 , 52.44 , 48.11 , 50.27 , 51.97 ,1,1,5.2736808,2.611563028
1037,45, 45.50 , 58.04 , 50.70 , 48.48 , 49.59 , 50.68 ,1,1,4.585859282,0.499456782
1038,104, 120.63 , 119.29 , 110.52 , 123.60 , 119.96 , 118.51 ,0,0,0,0
1039,59, 60.04 , 65.72 , 62.05 , 61.59 , 61.82 , 62.35 ,1,1,2.819616241,1.03616179
1041,154, 149.87 , 142.35 , 148.00 , 148.99 , 148.50 , 147.30 ,0,0,0,0
1043,55, 40.61 , 32.31 , 40.65 , 39.84 , 40.22 , 38.35 ,0,0,0,0
1044,33, 43.00 , 36.62 , 34.85 , 42.21 , 39.42 , 39.17 ,0,0,0,0
1045,40, 39.56 , 33.44 , 38.67 , 39.19 , 38.93 , 37.71 ,0,0,0,0
1046,26, 21.88 , 22.20 , 27.22 , 22.17 , 22.18 , 23.37 ,1,1,3.815783734,4.118424459
1049,121, 138.92 , 135.27 , 129.78 , 138.04 , 136.66 , 135.50 ,0,0,0,0
1050,11, 25.89 , 32.71 , 18.77 , 26.88 , 26.39 , 26.06 ,1,1,15.38572453,14.88712194
1051,54, 45.10 , 51.37 , 52.39 , 45.43 , 48.40 , 48.57 ,1,1,5.604070857,8.895806949
1052,0,-1.00 , 2.73 ,-0.00 , 1.91 , 0.95 , 0.91 ,1,1,0.953451483,1.00046944
1053,105, 68.48 , 71.48 , 88.20 , 68.03 , 69.98 , 74.05 ,1,1,35.01652545,36.51797994
1054,200, 169.54 , 175.00 , 184.30 , 166.91 , 172.27 , 173.94 ,1,1,27.73037252,30.46015539
1055,9, 5.77 , 8.06 , 8.53 , 4.98 , 6.92 , 6.84 ,1,1,2.083752783,3.230426886
1056,153, 165.35 , 166.38 , 165.12 , 167.99 , 165.86 , 166.21 ,1,1,12.86455359,12.34877461
1057,11, 10.06 , 8.84 , 11.45 , 8.87 , 9.46 , 9.80 ,0,0,0,0
1060,118, 116.56 , 115.97 , 117.05 , 118.92 , 116.80 , 117.12 ,1,1,1.196187115,1.444612324
1061,90, 82.26 , 83.55 , 90.56 , 81.99 , 82.90 , 84.59 ,1,1,7.097191368,7.741653308
1062,79, 96.77 , 98.06 , 87.71 , 92.72 , 94.75 , 93.82 ,0,0,0,0
1063,177, 151.77 , 153.62 , 171.39 , 153.99 , 153.81 , 157.69 ,1,1,23.19110825,25.23272078
1064,42, 56.40 , 45.38 , 46.31 , 55.86 , 51.09 , 50.99 ,0,0,0,0
1065,49, 38.98 , 36.70 , 43.21 , 36.32 , 37.84 , 38.80 ,0,0,0,0
1066,72, 80.63 , 65.11 , 69.83 , 77.47 , 73.65 , 73.26 ,0,0,0,0
1068,37, 33.98 , 32.83 , 35.46 , 35.25 , 34.61 , 34.38 ,1,1,2.385994424,3.021165752
1069,63, 54.88 , 69.45 , 64.89 , 57.71 , 61.30 , 61.73 ,1,1,1.702017944,8.124649951
1070,13, 13.53 , 11.23 , 10.98 , 8.84 , 11.11 , 11.14 ,0,0,0,0
1071,10, 9.96 , 8.20 , 10.70 , 10.69 , 10.33 , 9.89 ,1,0,0.325104716,0.040272298
1073,95, 87.75 , 97.55 , 93.94 , 86.46 , 90.85 , 91.43 ,1,1,4.154791517,7.253916366
1074,51, 62.01 , 57.18 , 55.58 , 62.85 , 59.59 , 59.41 ,0,0,0,0
1075,66, 90.68 , 73.42 , 68.70 , 89.78 , 81.60 , 80.65 ,0,0,0,0
1076,37, 38.57 , 43.26 , 39.97 , 37.25 , 39.27 , 39.76 ,1,1,2.272210579,1.571135443
1077,19, 22.72 , 16.57 , 18.52 , 22.05 , 20.29 , 19.97 ,0,0,0,0
1079,36, 39.52 , 46.47 , 40.85 , 38.87 , 40.19 , 41.43 ,1,1,4.187601973,3.522346803
1081,63, 57.10 , 54.37 , 60.23 , 54.67 , 55.88 , 56.59 ,0,0,0,0
1082,76, 81.02 , 79.01 , 78.46 , 79.98 , 79.49 , 79.62 ,0,0,0,0
1083,73, 78.80 , 85.65 , 80.73 , 83.80 , 82.26 , 82.25 ,1,1,9.264552057,5.801981518
1084,165, 190.16 , 174.46 , 169.97 , 184.79 , 179.62 , 179.84 ,0,0,0,0
1085,29, 32.15 , 30.18 , 30.57 , 31.37 , 30.97 , 31.07 ,0,0,0,0
1086,89, 76.73 , 70.83 , 79.82 , 74.43 , 75.58 , 75.45 ,0,0,0,0
1088,24, 15.81 , 29.91 , 27.68 , 15.71 , 21.74 , 22.28 ,1,1,2.257596839,8.190193679
1089,70, 73.50 , 72.58 , 67.11 , 69.86 , 71.22 , 70.76 ,0,0,0,0
1091,34, 34.83 , 34.93 , 32.27 , 33.59 , 34.21 , 33.91 ,0,0,0,0
1094,39, 50.00 , 47.58 , 42.36 , 50.47 , 48.79 , 47.60 ,0,0,0,0
1095,100, 111.16 , 106.98 , 102.16 , 112.42 , 109.07 , 108.18 ,0,0,0,0
1096,0, 0.10 , 2.45 ,-0.00 , 2.78 , 1.28 , 1.33 ,1,1,1.278317075,0.101919881
1097,44, 58.13 , 53.70 , 50.31 , 57.13 , 55.42 , 54.82 ,0,0,0,0
1098,59, 63.36 , 59.61 , 59.45 , 64.48 , 61.49 , 61.73 ,0,0,0,0
1099,88, 53.79 , 52.83 , 72.68 , 54.62 , 54.21 , 58.48 ,1,1,33.79385634,34.21250037
1100,57, 40.87 , 51.37 , 52.99 , 40.08 , 46.12 , 46.33 ,1,1,10.87896397,16.12660501
1101,101, 101.63 , 99.69 , 100.67 , 101.40 , 101.03 , 100.85 ,0,0,0,0
1103,41, 40.88 , 40.29 , 40.23 , 40.16 , 40.26 , 40.39 ,0,0,0,0
1104,16, 11.18 , 7.67 , 13.30 , 11.92 , 11.55 , 11.02 ,1,0,4.451267242,4.818436732
1105,0,-3.21 , 2.27 ,-0.00 ,-5.47 ,-1.60 ,-1.60 ,1,1,1.603286943,3.206573887
1108,51, 50.30 , 52.87 , 53.94 , 49.64 , 51.58 , 51.69 ,1,1,0.584146769,0.701699451
1110,48, 40.65 , 44.63 , 51.49 , 42.53 , 43.58 , 44.83 ,1,1,4.417831332,7.349128761
1111,43, 58.03 , 44.12 , 45.67 , 53.37 , 49.52 , 50.30 ,0,0,0,0
1112,116, 102.75 , 100.88 , 109.79 , 98.57 , 101.82 , 103.00 ,0,1,0,0
1113,17, 22.48 , 17.64 , 18.38 , 22.50 , 20.43 , 20.25 ,0,0,0,0
1114,89, 96.21 , 95.11 , 91.71 , 95.02 , 95.06 , 94.51 ,0,0,0,0
1115,59, 54.05 , 51.87 , 58.15 , 54.71 , 54.38 , 54.69 ,1,1,4.622244087,4.951922032
1116,85, 78.76 , 91.97 , 84.77 , 79.84 , 82.31 , 83.84 ,1,1,2.691074901,6.238219368
1122,67, 63.32 , 77.32 , 71.32 , 66.89 , 69.11 , 69.71 ,1,1,2.108702927,3.682740006
1123,111, 113.95 , 119.39 , 116.58 , 119.11 , 117.84 , 117.26 ,1,1,6.844236484,2.946158529
1124,172, 151.48 , 162.09 , 159.41 , 147.96 , 155.45 , 155.24 ,1,1,16.55398409,20.51563486
1125,34, 34.05 , 37.19 , 34.76 , 33.05 , 34.40 , 34.76 ,1,1,0.403734603,0.052040634
1126,61, 51.64 , 55.64 , 56.37 , 52.05 , 53.85 , 53.93 ,1,1,7.153461193,9.356398432
1127,61, 64.99 , 76.27 , 67.77 , 64.14 , 66.38 , 68.29 ,1,1,5.380681878,3.993506612
1128,18, 13.26 , 13.33 , 17.36 , 12.69 , 13.30 , 14.16 ,1,1,4.70205845,4.735287344
1129,139, 119.91 , 136.32 , 139.97 , 121.35 , 128.84 , 129.39 ,1,1,10.16167568,19.09131623
1130,31, 34.34 , 41.59 , 35.37 , 34.03 , 34.85 , 36.33 ,1,1,3.854139641,3.341088807
1132,11, 11.90 , 22.70 , 15.17 , 16.49 , 15.83 , 16.56 ,1,1,4.826885455,0.897596046
1133,150, 142.62 , 149.61 , 150.28 , 143.00 , 146.31 , 146.38 ,1,1,3.694765129,7.378836151
1135,0,-3.03 , 2.55 ,-0.00 ,-5.49 ,-1.52 ,-1.49 ,1,1,1.515517819,3.031035637
1136,57, 69.58 , 57.81 , 61.06 , 66.32 , 63.69 , 63.69 ,0,0,0,0
1137,64, 62.61 , 53.99 , 58.83 , 62.43 , 60.63 , 59.46 ,0,0,0,0
1139,41, 40.10 , 36.73 , 40.01 , 39.92 , 39.97 , 39.19 ,0,0,0,0
1140,32, 30.36 , 31.02 , 31.76 , 28.58 , 30.69 , 30.43 ,1,1,1.310123996,1.644494509
1141,56, 69.00 , 61.45 , 60.66 , 70.93 , 65.22 , 65.51 ,0,0,0,0
1142,143, 148.67 , 147.78 , 145.09 , 148.48 , 148.13 , 147.51 ,0,0,0,0
1143,19, 20.27 , 18.31 , 19.67 , 17.78 , 18.99 , 19.01 ,0,0,0,0
1144,81, 71.16 , 85.39 , 81.42 , 69.71 , 76.29 , 76.92 ,1,1,4.709626219,9.837395295
1147,35, 41.40 , 42.20 , 37.10 , 39.99 , 40.69 , 40.17 ,0,0,0,0
1148,116, 135.72 , 118.87 , 118.00 , 135.47 , 127.17 , 127.01 ,0,0,0,0
1149,44, 32.23 , 46.18 , 48.24 , 36.30 , 41.24 , 40.74 ,1,1,2.75973,11.77137509
1150,124, 109.36 , 107.34 , 117.89 , 110.12 , 109.74 , 111.18 ,1,1,14.25722543,14.63938974
1151,172, 185.36 , 175.52 , 175.72 , 181.71 , 178.72 , 179.58 ,0,0,0,0
1153,122, 119.30 , 120.17 , 120.65 , 122.21 , 120.41 , 120.58 ,1,1,1.587125645,2.700486932
1154,0,-0.79 , 2.73 ,-0.00 , 0.54 , 0.27 , 0.62 ,1,1,0.268360051,0.794149569
1156,20, 18.07 , 15.80 , 21.00 , 19.02 , 18.55 , 18.47 ,1,1,1.453638498,1.92770646
1157,127, 128.68 , 132.60 , 134.40 , 126.96 , 130.64 , 130.66 ,1,1,3.639090709,1.67679004
1158,7, 11.60 , 9.11 , 8.20 , 9.86 , 9.48 , 9.69 ,0,0,0,0
1159,36, 21.21 , 33.29 , 34.50 , 21.15 , 27.25 , 27.54 ,1,1,8.747583561,14.78794913
1160,111, 98.87 , 111.59 , 106.78 , 100.43 , 103.60 , 104.42 ,1,1,7.396134439,12.12743223
1161,113, 106.26 , 112.04 , 109.00 , 110.69 , 109.85 , 109.50 ,1,1,3.154142683,6.739441679
1162,4, 2.17 , 3.54 , 4.39 , 3.13 , 3.33 , 3.31 ,1,1,0.668011605,1.827203799
1163,31, 34.41 , 33.92 , 32.62 , 36.48 , 34.17 , 34.36 ,0,0,0,0
1164,19, 21.67 , 20.76 , 21.07 , 21.02 , 21.04 , 21.13 ,0,0,0,0
1165,123, 110.89 , 110.34 , 118.46 , 111.06 , 110.97 , 112.69 ,1,1,12.02605487,12.11023042
1166,52, 52.55 , 52.85 , 52.90 , 51.68 , 52.70 , 52.49 ,1,0,0.698381233,0.54528982
1167,48, 46.35 , 53.11 , 49.17 , 45.38 , 47.76 , 48.50 ,1,1,0.244568689,1.654756426
1168,82, 83.48 , 95.86 , 88.12 , 87.09 , 87.61 , 88.64 ,1,1,5.606241815,1.476359767
1169,104, 108.88 , 102.59 , 109.75 , 107.62 , 108.25 , 107.21 ,0,0,0,0
1170,29, 28.97 , 26.77 , 28.32 , 28.55 , 28.43 , 28.15 ,0,0,0,0
1171,132, 175.46 , 134.80 , 139.49 , 170.11 , 154.80 , 154.96 ,0,0,0,0
1172,0, 0.37 , 3.60 ,-0.00 , 1.40 , 0.88 , 1.34 ,1,1,0.883504959,0.3662493
1173,8, 9.01 , 4.79 , 7.66 , 8.10 , 7.88 , 7.39 ,0,0,0,0
1175,25, 36.32 , 26.07 , 26.54 , 35.40 , 30.97 , 31.08 ,0,0,0,0
1176,63, 62.73 , 75.01 , 72.76 , 61.83 , 67.75 , 68.08 ,1,1,4.745951528,0.268001706
1177,21, 15.80 , 19.36 , 21.80 , 15.49 , 17.58 , 18.11 ,1,1,3.420405956,5.196581597
1178,33, 25.52 , 31.67 , 31.89 , 27.30 , 29.49 , 29.10 ,1,1,3.513073276,7.481602547
1180,74, 69.88 , 74.69 , 73.33 , 68.96 , 71.61 , 71.72 ,1,1,2.39493859,4.12235337
1182,57, 40.72 , 57.10 , 57.96 , 43.97 , 50.53 , 49.94 ,1,1,6.466170684,16.28322183
1184,74, 64.67 , 66.31 , 70.67 , 63.22 , 65.49 , 66.22 ,1,1,8.508185063,9.32992097
1185,53, 61.84 , 49.53 , 53.87 , 56.11 , 54.99 , 55.34 ,0,0,0,0
1187,79, 69.37 , 73.22 , 76.20 , 71.36 , 72.29 , 72.54 ,1,1,6.712077532,9.631575557
1189,225, 200.42 , 211.10 , 207.75 , 196.10 , 204.09 , 203.84 ,1,1,20.91293006,24.57800298
1190,65, 76.41 , 82.79 , 77.01 , 75.97 , 76.71 , 78.05 ,1,1,11.71160157,11.41367934
1191,123, 117.60 , 124.13 , 128.34 , 120.19 , 122.16 , 122.57 ,1,1,0.840055435,5.400738078
1192,0, 2.11 , 2.27 , 0.09 , 2.30 , 2.19 , 1.69 ,1,0,2.189953786,2.112360949
1193,33, 42.80 , 35.99 , 34.77 , 42.54 , 39.26 , 39.03 ,0,0,0,0
1194,18, 15.91 , 13.62 , 16.10 , 16.31 , 16.00 , 15.48 ,1,0,1.99847578,2.092380131
1195,70, 66.49 , 59.80 , 67.07 , 64.94 , 65.71 , 64.57 ,0,0,0,0
1196,27, 37.43 , 34.34 , 29.99 , 37.99 , 35.89 , 34.94 ,0,0,0,0
1197,47, 47.92 , 52.23 , 48.52 , 49.62 , 49.07 , 49.57 ,1,1,2.070177198,0.920740405
1199,48, 49.65 , 49.28 , 49.22 , 51.49 , 49.46 , 49.91 ,0,1,0,0
1200,36, 29.53 , 22.96 , 33.99 , 28.59 , 29.06 , 28.77 ,0,0,0,0
1202,99, 109.87 , 93.86 , 95.67 , 104.51 , 100.09 , 100.98 ,0,0,0,0
1203,33, 33.26 , 35.90 , 35.35 , 36.69 , 35.62 , 35.30 ,1,1,2.622902984,0.263872605
1204,81, 84.31 , 71.95 , 78.24 , 78.68 , 78.46 , 78.30 ,0,0,0,0
1207,184, 176.92 , 193.89 , 194.03 , 181.36 , 187.63 , 186.55 ,1,1,3.626665365,7.084238357
1209,47, 45.12 , 52.24 , 50.70 , 47.92 , 49.31 , 48.99 ,1,1,2.30934054,1.882347077
1211,17, 23.24 , 17.59 , 19.03 , 22.55 , 20.79 , 20.60 ,0,0,0,0
1212,42, 35.02 , 46.11 , 44.01 , 36.49 , 40.25 , 40.41 ,1,1,1.747980174,6.976684118
1213,24, 25.72 , 24.40 , 25.18 , 26.35 , 25.45 , 25.41 ,0,0,0,0
1214,252, 242.89 , 250.73 , 253.41 , 245.92 , 248.33 , 248.24 ,1,1,3.673583867,9.105996383
1215,66, 67.03 , 76.82 , 75.88 , 66.66 , 71.45 , 71.60 ,1,1,5.452112133,1.025271885
1216,5, 7.09 , 12.26 , 7.25 , 8.71 , 7.98 , 8.83 ,1,1,2.978347418,2.088913611
1217,59, 72.75 , 78.72 , 71.49 , 73.86 , 73.30 , 74.21 ,1,1,14.30498825,13.74602942
1218,6, 6.48 , 12.83 , 8.91 , 9.02 , 8.97 , 9.31 ,1,1,2.967957037,0.479269343
1219,74, 81.13 , 71.12 , 75.33 , 82.43 , 78.23 , 77.50 ,0,0,0,0
1220,126, 118.97 , 120.02 , 132.41 , 115.13 , 119.50 , 121.63 ,1,1,6.504735259,7.034281016
1222,16, 13.04 , 13.57 , 15.04 , 11.87 , 13.31 , 13.38 ,1,1,2.691801604,2.955824632
1223,13, 13.23 , 15.16 , 15.41 , 12.94 , 14.20 , 14.18 ,1,1,1.19515136,0.225389845
1224,151, 134.89 , 142.56 , 144.00 , 132.27 , 138.72 , 138.43 ,1,1,12.27601384,16.10884325
1225,38, 27.99 , 24.32 , 33.98 , 27.35 , 27.67 , 28.41 ,0,1,0,0
1226,4, 0.78 , 8.86 , 4.88 , 2.59 , 3.73 , 4.28 ,1,1,0.266089147,3.222185803
1228,0,-1.06 , 2.45 ,-0.00 ,-0.41 ,-0.20 , 0.25 ,1,1,0.203785263,1.061438602
1230,26, 35.24 , 36.45 , 28.89 , 33.49 , 34.36 , 33.52 ,0,0,0,0
1231,58, 55.27 , 43.69 , 54.37 , 51.78 , 53.08 , 51.28 ,0,0,0,0
1232,0, 4.41 , 3.41 ,-0.00 , 2.66 , 3.03 , 2.62 ,0,0,0,0
1233,112, 111.28 , 101.24 , 107.77 , 109.12 , 108.44 , 107.35 ,0,0,0,0
1234,12, 11.76 , 16.33 , 13.81 , 8.75 , 12.78 , 12.66 ,1,1,0.782439034,0.240121932
1235,41, 32.88 , 41.01 , 41.60 , 34.27 , 37.64 , 37.44 ,1,1,3.355173869,8.124510844
1236,0,-1.03 , 2.55 ,-0.00 , 0.33 , 0.17 , 0.46 ,1,1,0.165395269,1.027025502
1237,83, 98.38 , 94.29 , 92.59 , 101.43 , 96.34 , 96.67 ,0,0,0,0
1238,45, 27.64 , 38.06 , 40.43 , 25.43 , 32.85 , 32.89 ,1,1,12.14545307,17.35580371
1239,69, 79.31 , 70.85 , 73.05 , 78.89 , 75.97 , 75.52 ,0,0,0,0
1240,107, 110.42 , 106.80 , 107.57 , 112.47 , 109.00 , 109.32 ,0,0,0,0
1241,0,-0.16 , 3.96 , 0.00 ,-1.01 ,-0.08 , 0.70 ,1,1,0.077353831,0.158993375
1242,68, 67.11 , 69.46 , 67.42 , 70.49 , 68.44 , 68.62 ,1,1,0.438765764,0.889064006
1243,33, 36.59 , 32.52 , 32.38 , 36.94 , 34.56 , 34.61 ,0,0,0,0
1245,20, 17.69 , 20.00 , 19.06 , 16.66 , 18.37 , 18.35 ,1,1,1.627934026,2.313201385
1246,73, 82.96 , 78.12 , 77.48 , 85.56 , 80.54 , 81.03 ,0,0,0,0
1247,54, 54.50 , 61.74 , 56.42 , 56.90 , 56.66 , 57.39 ,1,1,2.659761241,0.496859881
1249,140, 147.80 , 137.41 , 144.10 , 149.40 , 145.95 , 144.68 ,0,0,0,0
1250,106, 98.96 , 99.99 , 101.70 , 99.06 , 99.52 , 99.93 ,1,1,6.478235158,7.036353705
1252,16, 7.85 , 11.09 , 13.24 , 10.48 , 10.79 , 10.67 ,1,1,5.211552401,8.152613014
1253,0,-0.33 , 3.41 ,-0.00 ,-2.11 ,-0.17 , 0.24 ,1,1,0.165191715,0.330383431
1254,0, 0.23 , 2.55 ,-0.00 , 0.61 , 0.42 , 0.84 ,1,1,0.416070676,0.225725841
1255,61, 102.17 , 91.05 , 81.39 , 113.29 , 96.61 , 96.98 ,0,0,0,0
1260,25, 30.49 , 14.64 , 21.09 , 20.18 , 20.63 , 21.60 ,0,0,0,0
1261,20, 18.60 , 20.34 , 23.09 , 17.39 , 19.47 , 19.86 ,1,1,0.530609724,1.403761606
1262,4, 1.48 , 1.91 , 4.17 , 1.79 , 1.85 , 2.34 ,1,1,2.149289722,2.521644278
1263,38, 45.94 , 45.07 , 41.36 , 43.18 , 44.13 , 43.89 ,0,0,0,0
1265,15, 5.58 , 9.80 , 15.14 , 5.52 , 7.69 , 9.01 ,1,1,7.310572808,9.421271655
1266,134, 133.90 , 129.60 , 123.58 , 125.70 , 127.65 , 128.19 ,0,0,0,0
1267,92, 86.37 , 92.04 , 89.81 , 88.77 , 89.29 , 89.25 ,1,1,2.710169635,5.628379213
1270,86, 79.08 , 69.53 , 80.90 , 75.12 , 77.10 , 76.15 ,0,0,0,0
1271,56, 67.88 , 58.20 , 59.73 , 69.74 , 63.80 , 63.89 ,0,0,0,0
1272,109, 118.40 , 110.64 , 103.98 , 114.48 , 112.56 , 111.88 ,0,0,0,0
1275,35, 28.77 , 40.50 , 36.92 , 30.87 , 33.90 , 34.27 ,1,1,1.103065627,6.225833794
1276,208, 166.92 , 189.94 , 185.77 , 166.35 , 176.34 , 177.24 ,1,1,31.6567701,41.08025448
1279,0, 1.90 , 3.47 ,-0.00 , 5.39 , 2.68 , 2.69 ,1,1,2.683383941,1.89972296
1280,46, 53.29 , 44.89 , 44.65 , 51.50 , 48.19 , 48.58 ,0,0,0,0
1281,70, 74.60 , 70.52 , 73.06 , 73.22 , 73.14 , 72.85 ,0,0,0,0
1282,39, 27.00 , 18.76 , 30.64 , 24.09 , 25.54 , 25.12 ,0,0,0,0
1283,18, 17.86 , 15.58 , 17.88 , 18.71 , 17.87 , 17.50 ,1,0,0.132908429,0.143388286
1285,36, 41.34 , 43.78 , 39.21 , 42.53 , 41.94 , 41.72 ,1,1,5.936647836,5.34455684
1288,124, 121.38 , 117.92 , 123.40 , 122.74 , 122.06 , 121.36 ,1,0,1.940238486,2.620374131
1291,50, 59.46 , 52.38 , 50.47 , 55.93 , 54.16 , 54.56 ,0,0,0,0
1292,116, 104.10 , 102.68 , 110.15 , 104.78 , 104.44 , 105.43 ,1,1,11.55733244,11.89920865
1294,140, 132.38 , 127.36 , 133.56 , 130.32 , 131.35 , 130.90 ,0,0,0,0
1295,93, 85.83 , 80.64 , 87.19 , 87.33 , 86.51 , 85.25 ,1,0,6.487825714,7.170079999
1297,12, 8.40 , 7.35 , 11.96 , 7.51 , 7.95 , 8.80 ,0,1,0,0
1298,93, 90.11 , 94.61 , 95.29 , 89.99 , 92.36 , 92.50 ,1,1,0.639278497,2.889422985
1299,22, 28.26 , 26.66 , 26.17 , 28.34 , 27.46 , 27.36 ,0,0,0,0
1300,97, 85.93 , 91.74 , 96.02 , 83.65 , 88.84 , 89.34 ,1,1,8.160393314,11.06559177
1301,13, 12.86 , 13.62 , 13.47 , 12.83 , 13.16 , 13.19 ,1,1,0.16457209,0.136284392
1302,40, 49.47 , 60.23 , 53.72 , 51.89 , 52.80 , 53.83 ,1,1,12.80232156,9.472077572
1303,155, 160.71 , 164.93 , 159.78 , 162.32 , 161.51 , 161.93 ,1,1,6.510402266,5.705445466
1304,66, 70.31 , 78.82 , 75.20 , 72.22 , 73.71 , 74.14 ,1,1,7.708889323,4.306835095
1305,53, 48.73 , 58.22 , 55.21 , 54.88 , 55.04 , 54.26 ,1,1,2.040812311,4.268121784
1307,41, 29.40 , 37.78 , 40.14 , 29.92 , 33.85 , 34.31 ,1,1,7.153307684,11.59667063
1308,38, 32.20 , 32.01 , 33.17 , 32.50 , 32.35 , 32.47 ,1,1,5.65032343,5.803074598
1309,25, 33.97 , 34.52 , 28.14 , 34.55 , 34.25 , 32.80 ,1,0,9.248599857,8.972223781
1310,60, 60.48 , 51.71 , 58.96 , 57.57 , 58.26 , 57.18 ,0,0,0,0
1311,29, 30.16 , 29.48 , 30.66 , 30.15 , 30.15 , 30.11 ,0,0,0,0
1312,177, 145.96 , 168.58 , 168.63 , 142.67 , 157.27 , 156.46 ,1,1,19.72601545,31.03562952
1315,57, 58.63 , 49.27 , 55.42 , 57.54 , 56.48 , 55.22 ,0,0,0,0
1316,47, 25.99 , 33.02 , 41.19 , 26.73 , 29.87 , 31.73 ,1,1,17.12630068,21.01064326
